"0006","BestRun US INC New GL","E"
"0008","BestRun US INC New GL 8","E"
"1002","BestRun Singapore","E"
"2000","BestRun UK","E"
"2821","BestRun US MaterialLedger","E"
"3000","BestRun USA","E"
"3001","Apple Computer\, Inc.","E"
"3050","BestRun Subsiduary UK","E"
"3500","BestRun Cons. Integration","E"
"3700","US LLC\, US","E"
"4000","BestRun Atlanta","E"
"4300","BestRun India","E"
"4500","BestRun Canada for 4500","E"
"4510","BestRun US Company","E"
"4520","BestRun Canadian 2 Comp.","E"
"4600","BestRun Malaysia","E"
"4700","BestRun Indonesia","E"
"4800","BestRun Philippines","E"
"5100","BestRun Singapore","E"
"8500","BestRun Australia","E"
"8520","BestRun Australia NR","E"
"8530","BestRun Australia SR","E"
"8580","BestRun Australia PS","E"
"8590","BestRun New Zealand","E"
"CABD","CABD","E"
"CC01","BestRun US INC","E"
"CPBV","CP Beverage","E"
"CPFO","Good Food","E"
"F300","Liberty Bank","E"
"ID01","Template ID","E"
"IN01","India Model Company\, IN","E"
"IN47","India Model Company\, IN","E"
"PS01","Public Services","E"
"R300","BestRun Retail INC US","E"
"S300","BestRun Services","E"
"SL01","Services Logistics SP","E"
"UCAB","US Division of CAB","E"
"ZA01","BestRun South Africa","E"
