"SE02","Supplier SE02"
"SE03","Supplier SE03"
"SE08","Supplier 108 GmBH"
"SE101","Supplier 101 GmBH"
"SE102","Supplier 102 GmBH"
"SE103","Supplier 103 GmbH"
"SE104","Supplier 104 GmBH"
"SE105","Supplier 105 GmBH"
"T-K500R09","AluCast AG&Co.KG Gr.09"
"SE108","Supplier 108 GmBH"
"0000071809","WCB - Quebec"
"SE211","Supplier 211 EMEA"
"T-K500R10","AluCast AG&Co.KG Gr.10"
"SE212","Supplier 212 EMEA"
"0000071810","WCB - Saskatchewan"
"T-K500R11","AluCast AG&Co.KG Gr.11"
"SE301","August Campmann / München"
"0000071811","WCB - Yukon"
"T-K500R12","AluCast AG&Co.KG Gr.12"
"SE302","Frei und Söhne / Nürnberg"
"0000071812","WCB - Nova Scotia"
"T-K500R13","AluCast AG&Co.KG Gr.13"
"SE303","Vereinigte Industrie / Bamberg"
"0000077101","Alchem"
"0000000001","Forks Manufacturing GmbH"
"SE304","Verkauf GmbH / Dortmund"
"T-K500R14","AluCast AG&Co.KG Gr.14"
"0000077102","ChemTec"
"SE305","Lieferungen GmbH / Essen"
"T-K500R15","AluCast AG&Co.KG Gr.15"
"0000077103","Miller Consulting"
"0000000002","Electronic Components Distributor"
"SE306","Frank & Co / Dortmund"
"0000077104","Chemical China"
"0000000005","Safety Clean Inc."
"T-K500R16","AluCast AG&Co.KG Gr.16"
"SE307","Deutsche Versand / Kassel"
"0000077105","Agrotec"
"T-K500R17","AluCast AG&Co.KG Gr.17"
"0000000008","Jose Fernandez"
"SE308","Wei Guo International Inbd Vendor 1"
"0000077106","Petrol Chemicals"
"T-K500R18","AluCast AG&Co.KG Gr.18"
"0000000010","Dupont de la Rivière"
"SE309","Li Shin International Inbd Vendor 2"
"0000077107","Leroc SA"
"T-K500R19","AluCast AG&Co.KG Gr.19"
"SE31","EMEA Vendor 1"
"0000000015","Tiedemeier Entsorgung GmbH"
"0000088888","Korean Supplier"
"0000000025","Metropol"
"SE32","EMEA Vendor 2"
"T-K500R20","AluCast AG&Co.KG Gr.20"
"0000088889","Korean Automotive Supplier"
"0000000050","Central Logistics Inc."
"SE33","EMEA Vendor 3"
"T-K500R21","AluCast AG&Co.KG Gr.21"
"0000090210","Thomas"
"0000000075","Meier Logistics GmbH"
"SE34","EMEA Vendor 4"
"T-K500R22","AluCast AG&Co.KG Gr.22"
"0000000100","C.E.B. BERLIN"
"0000091011","Lampen und Deko GmbH"
"SENA01","Caja Colombiana de Subsidio Familia"
"T-K500R23","AluCast AG&Co.KG Gr.23"
"0000000111","KBB Schwarze Pumpe"
"0000091919","Akim Limited"
"SERU305","SERU305"
"T-K500R24","AluCast AG&Co.KG Gr.24"
"0000000200","SMP"
"SIMBA","SIMBA TRADING"
"0000000222","Express Vendor Inc"
"SL-CLEASE","Container Leasing Center"
"T-K500R25","AluCast AG&Co.KG Gr.25"
"0000000300","AluCast"
"SL-LA-SP","LA Harbor"
"T-K500R26","AluCast AG&Co.KG Gr.26"
"SL-LIMA-SP","Lima Harbor"
"0000000424","Sedona Suppliers"
"SL-SDIEGO","San Diego Harbor"
"T-K500R27","AluCast AG&Co.KG Gr.27"
"0000000500","IDES AG New GL - (InterCompany Acco"
"SL-TOKYOSP","Tokyo Harbor"
"T-K500R28","AluCast AG&Co.KG Gr.28"
"0000000603","Intercompany Resources US"
"SL01","BR01 Vendor 1 LA"
"T-K500R29","AluCast AG&Co.KG Gr.29"
"SL02","BR01 Vendor 2 LA"
"0000000604","Intercompany Resources to Belgium"
"0000097000","Plant 7000 Vendor"
"T-K500R30","AluCast AG&Co.KG Gr.30"
"SL03","BR01 Vendor 3 LA"
"0000000605","Intercompany Resources Canada"
"0000099900","Schwarz Konstruktionen GmbH"
"T-K510Z01","Sundry GmbH"
"0000000935","Burton's Machine Shop"
"SL101","Supplier 101 LLC"
"0000099910","Meyer Elektro-Installation"
"0000000954","Ander Group"
"SL102","Supplier 102 LLC"
"T-K515A01","Sapsota Company Limited"
"0000099991","kneifelinchen Sibylle"
"0000001000","C.E.B. BERLIN"
"SL103","Supplier 103 LLC"
"T-K515A02","Sapsota Company Limited"
"0000001001","SKF Kugelmeier KGaA"
"SL104","Supplier 104 LLC"
"0000099999","Ogden Manufacturing"
"T-K515A03","Sapsota Company Limited"
"0000001002","Müller KG"
"SL105","Supplier 105 LLC"
"0000100000","Telekom"
"T-K515A04","Sapsota Company Limited"
"0000001003","Gusswerk US"
"SL108","Supplier 108 LLC"
"0000100001","Charlotte Fritsch"
"T-K515A05","Sapsota Company Limited"
"0000001004","Jones Ltd."
"SL1234","Pacific Trucking Inc."
"0000100002","Buffetti S.p.A."
"0000001005","PAQ Deutschland GmbH"
"T-K515A06","Sapsota Company Limited"
"SL1235","West Coast Trucking Inc."
"0000001006","Blacks AG"
"T-K515A07","Sapsota Company Limited"
"SL211","Supplier 211"
"0000100003","SAP ITALIA SPA"
"0000001007","Bike Retail & Co."
"SL212","Supplier 212"
"T-K515A08","Sapsota Company Limited"
"0000100004","IBM of Portugal"
"0000001008","Motor constructions Ltd."
"SL2234","Pacific Trucking Inc."
"T-K515A09","Sapsota Company Limited"
"0000001009","Parts & Pipes"
"0000100005","Hewlett Packard"
"SL2468","Rail Trans Inc."
"T-K515A10","Sapsota Company Limited"
"SL30","LA Vendor 1"
"0000001010","Sunny Electronics GmbH"
"0000100006","Lieferanten GmbH"
"T-K515A11","Sapsota Company Limited"
"SL301","Industria Extra"
"0000001011","SKF Americas"
"0000100007","Kenneth K. Krediman"
"T-K515A12","Sapsota Company Limited"
"SL302","Compañia Villa"
"0000001012","Reihl & Müller"
"0000100008","John Smith"
"SL303","Compañia Cuyo"
"T-K515A13","Sapsota Company Limited"
"0000001013","Real Estate Agency Hamburg"
"0000100009","Frank Abbott"
"SL304","Compañia Punilla"
"0000001014","Herrmann & Riemer"
"T-K515A14","Sapsota Company Limited"
"0000100010","Linda Smythe"
"SL305","Compañia ABC"
"0000001015","Wollner AG"
"T-K515A15","Sapsota Company Limited"
"SL306","Compañia San Luis"
"0000100011","Karen Mitchell"
"0000001018","Bechtle direct AG"
"T-K515A16","Sapsota Company Limited"
"SL307","Compañia Andean"
"0000001020","Grosshandel-Baden USA"
"0000100012","Douglas Olson"
"T-K515A17","Sapsota Company Limited"
"0000001021","Noe´Tech Company AG"
"SL308","Proveedor Internacional Inbound 1"
"0000100013","Jean Cosman"
"0000001022","Max´Grosshandel"
"SL309","Proveedor Int Inbound 2"
"T-K515A18","Sapsota Company Limited"
"0000100018","Tom Peterson"
"SL31","LA Vendor 1"
"0000100023","John Smith"
"T-K515A19","Sapsota Company Limited"
"0000001023","Molkereigenossenschaft Brandenburg"
"SL32","LA Vendor 2"
"0000001025","SEC System SA"
"T-K515A20","Sapsota Company Limited"
"0000100024","Linda Smythe"
"SL33","LA Vendor 3"
"0000001030","Jotachi Deutschland AG"
"T-K515A21","Sapsota Company Limited"
"SL34","LA Vendor 4"
"0000100025","Karen Mitchell"
"0000001032","Wesson Ltd."
"SL3456","Truck Trans"
"T-K515A22","Sapsota Company Limited"
"0000100026","Douglas Olson"
"0000001033","Walldorf Grosshandel"
"SL3457","Truck Cargo"
"T-K515A23","Sapsota Company Limited"
"0000100027","Frank Abbott"
"0000001035","Sommer GmbH"
"SL4567","Air Trans"
"0000001040","Hamberger u. CO."
"0000100028","Deborah Schmidt"
"SL4568","Air Cargo"
"T-K515A24","Sapsota Company Limited"
"0000001045","Kreutzschmid KgaA"
"0000100033","Miller Chris"
"SL5678","Atlantic Trucking Inc."
"T-K515A25","Sapsota Company Limited"
"0000001050","Humpert u. Töchter GmbH"
"0000100038","Karen Holtzblatt"
"SLOC1","DSL container shipping"
"0000001055","Inter-Speed BV"
"T-K515A26","Sapsota Company Limited"
"SLOC2","Trans Speed"
"0000001058","Nordspeed GmbH"
"0000100043","Fundiciones de hierro y acero"
"SLOC3","Trucker"
"0000001059","Express Ship Carrier"
"T-K515A27","Sapsota Company Limited"
"0000100044","ACEROS Y DERIVADOS"
"SLOC4","Express Trucking"
"0000001060","Chemische Werke Halle"
"0000100045","ASESORIA INDUSTRIAL"
"T-K515A28","Sapsota Company Limited"
"SLOPAK","SLOPAK d.o.o."
"0000001061","Neotech GmbH"
"0000100046","BODEGA DE LLANTAS SA"
"T-K515A29","Sapsota Company Limited"
"SM-VEND1","Parts vendor 1"
"0000001065","Papierwerke Bayland AG"
"0000100047","BODEGA MAC"
"SM-VEND2","Parts vendor 1"
"0000001070","Poly AG"
"T-K515A30","Sapsota Company Limited"
"0000100048","RUDEZ Y CIA\, S.A."
"SM-VEND4","Parts Vendor 4"
"0000001075","Tiefland Glass AG"
"T-K515B01","Abbot Supplies Inc."
"0000100049","COMERCIAL KEYMAN\,S.A"
"SMI-SUP","SMI Supplier"
"T-K515B02","Abbot Supplies Inc."
"0000001080","Générale Electronique SA"
"SMI-SUP-A","SMI Supplier A"
"0000100050","LIFT SOLUTIONS MEX"
"T-K515B03","Abbot Supplies Inc."
"0000001081","Harley-Davidson Motorcycles Inc."
"SMI-SUP-B","SMI Supplier B"
"0000100051","DIGITAL EQ. MEXICO"
"T-K515B04","Abbot Supplies Inc."
"0000001082","Louis Bike Parts"
"SMI-SUP1","SMI Supplier"
"0000100052","PARTES DIGITALES\, SA"
"T-K515B05","Abbot Supplies Inc."
"SMI-SUP2","SMI Supplier 2"
"0000001090","Sanchez S.A."
"0000100053","Tsutomu Shinozaki"
"T-K515B06","Abbot Supplies Inc."
"0000001095","Lopez S.A."
"SMIORGAVEN","SMIORGAVEN"
"0000100054","Ichiro Sugiyama"
"0000001096","Fabricas Mixtli S.A."
"SMIV200448","IC Electronics"
"T-K515B07","Abbot Supplies Inc."
"0000100058","Jennifer Green"
"0000001097","Puebla Digital S.A."
"T-K515B08","Abbot Supplies Inc."
"SMIV200801","IC Electronics"
"0000100059","Tom Howard"
"T-K515B09","Abbot Supplies Inc."
"0000100060","Sunni Patel"
"SMIVENDOR","SMIVENDOR"
"0000001098","Productos Argentinos Imp. S.A"
"0000100061","Dave Rodriguez"
"0000001099","Studio Chapultepec"
"SMTPVS3855","Serv Mgmt TPVS TSP 1"
"T-K515B10","Abbot Supplies Inc."
"SMTPVS3856","Serv Mgmt TPVS TSP 2"
"0000001100","Phunix GmbH"
"0000100062","Lorna Flannigan"
"T-K515B11","Abbot Supplies Inc."
"0000100063","Steve Goldberg"
"SP-3011","Worldwide Supply Sensations"
"0000001101","ABC Dienstleistungs GmbH"
"T-K515B12","Abbot Supplies Inc."
"0000100064","Christina Daniels"
"SP-3014","Joe Smith"
"0000001102","Top Services GmbH"
"T-K515B13","Abbot Supplies Inc."
"0000100065","Christina Daniels"
"SP-CARA","SP Postal Carrier A"
"T-K515B14","Abbot Supplies Inc."
"0000001103","ISG Innovative Services GmbH"
"SP-CARB","SP Postal Carrier B"
"0000100066","Scott Gibson"
"T-K515B15","Abbot Supplies Inc."
"0000001104","Hoch und Tiefbau GmbH Kaiserslauter"
"0000100067","Zoe Sutherland"
"SP00-FOR","SAP Brasil - Filial São Paulo"
"T-K515B16","Abbot Supplies Inc."
"0000001105","Harvey Building and Construction"
"T-K515B17","Abbot Supplies Inc."
"SP33001","Italian Freight Company"
"0000100068","George Peters"
"0000001106","SPEDITRANS Transport GmbH"
"SRV-1","ABC Dienstleistungs GmbH"
"T-K515B18","Abbot Supplies Inc."
"0000100069","John Smith"
"0000001110","Illinois Utilities"
"SRV-2","Allround Services GmbH"
"T-K515B19","Abbot Supplies Inc."
"0000100070","Johann Smith"
"0000001111","Suppliers Inc."
"SRV-3","ISG Innovative Services GmbH"
"T-K515B20","Abbot Supplies Inc."
"0000100073","Proveedor 1"
"SS_FLEET1","SS Private Fleet 1"
"0000001120","Rohrbau-Dienstleistungs GmbH"
"T-K515B21","Abbot Supplies Inc."
"0000100078","Mrs Mary Steward"
"SS_FLEET2","SS Private Fleet 2"
"0000001121","Wagner Spenglerei & Rohrbau"
"0000100083","JeremyXWilson"
"T-K515B22","Abbot Supplies Inc."
"SS_FLEET3","SS Private Fleet 3"
"0000001150","P + S Technik"
"0000100084","Mr Michael Hire"
"SU01","Supplier SU01"
"0000001151","Media AG Trier"
"T-K515B23","Abbot Supplies Inc."
"0000100085","Tom Peterson"
"0000001152","Camelot"
"SU02","Supplier SU02"
"T-K515B24","Abbot Supplies Inc."
"0000100086","Michael Ryan"
"SU03","Supplier SU03"
"0000001200","Finanzamt Frankfurt"
"T-K515B25","Abbot Supplies Inc."
"0000100087","Ann Takahashi"
"SU101","Supplier 101 Inc."
"0000001222","ABC Supply Company"
"0000100088","Timmy Tabasco"
"SU102","Supplier 102 Inc."
"0000001234","K.F.W. Berlin"
"0000100089","Matthew Black"
"0000001235","K.F.W. London"
"SU103","Supplier 103 Inc."
"0000100090","George Metzger"
"SU104","Supplier 104 Inc."
"0000001333","Sub Contract & Supply"
"0000100091","Karen Altobelli"
"SU105","Supplier 105 Inc."
"0000001444","C & C Supply"
"0000001472","MG Trucking"
"0000100092","Jerry Wagner"
"SU106","SU106"
"0000001500","EASTERN SUPPLY CO."
"SU108","Supplier 108 Inc."
"0000001526","Chargeback vendor"
"T-K515B26","Abbot Supplies Inc."
"SU109","SU109"
"0000001550","Stadtwerke Frankfurt"
"SU110","SU110"
"T-K515B27","Abbot Supplies Inc."
"0000001560","Metal Container Inc."
"SU111","SU111"
"T-K515B28","Abbot Supplies Inc."
"SU211","Supplier 01"
"0000001570","Lenzmann Immobilien Verwaltung GmbH"
"0000100093","Jennifer Esposito"
"T-K515B29","Abbot Supplies Inc."
"SU212","Supplier 211"
"0000001700","Real Estate Company USA"
"0000100094","Mark Taylor"
"T-K515B30","Abbot Supplies Inc."
"SU301","AC Company / Ohio"
"0000001703","Dell Computers"
"0000100095","Mark Gregson"
"0000001910","Schumacher AG"
"T-K515C01","Spedition Gruber"
"SU302","Libert Industries / Pennsylvania"
"0000100096","HaroldXCarson"
"0000001920","Versicherungen ABC"
"SU303","Vend Inc. / Pennsylvania"
"T-K515C02","Spedition Gruber"
"0000100097","Debbie Davis"
"0000001921","Global Insurances"
"SU304","Supplier Limited / Wisconsin"
"0000100098","Jordan Standford"
"T-K515C03","Spedition Gruber"
"0000001925","TransLog GmbH"
"SU305","Franklin Inc / Wisconsin"
"0000100099","Linda Stevens"
"0000001930","Schmalenbach"
"T-K515C04","Spedition Gruber"
"SU306","Rossi Industries / Wisconsin"
"0000100100","Bob Wolfe"
"0000001935","SLL Cargo Services"
"T-K515C05","Spedition Gruber"
"SU307","US Supply / Wisconsin"
"0000001940","Brain Associates"
"0000100101","Mr David Roberts"
"T-K515C06","Spedition Gruber"
"0000100102","Ms Kelly King"
"SU308","Wei Guo International Inbd Vendor 1"
"0000001948","Dave Bell Enterprises Pty Ltd"
"T-K515C07","Spedition Gruber"
"0000100103","Ms Samantha Tilman"
"0000001950","CPD L-Z"
"SU309","Li Shin International Inbd Vendor 2"
"T-K515C08","Spedition Gruber"
"0000001960","CPD A-K"
"SU31","US Vendor 31"
"0000100104","Mrs Ethel Palm-Ethel Ballman"
"T-K515C09","Spedition Gruber"
"0000001987","Schmidt-Müller AG"
"SU32","US Vendor 32"
"0000100105","Gregory Maddux"
"T-K515C10","Spedition Gruber"
"0000001990","TWX Trading Ltd"
"SU321","C. M Vendor 1"
"0000100108","Jo Procter"
"SU322","C. M Vendor 2"
"0000001991","Schneider AG Deutschland"
"T-K515C11","Spedition Gruber"
"0000100109","Marcus Weiss"
"SU33","US Vendor 33"
"0000001992","IDES UK"
"0000100110","Steve Waters"
"T-K515C12","Spedition Gruber"
"SU34","US Vendor 34"
"0000001993","Snyder Inc."
"0000100111","Katherine Durand"
"SUPPL01","Supplier 01"
"0000001994","IDES Canada"
"T-K515C13","Spedition Gruber"
"0000100112","Susan Menson"
"SUPPL02","Supplier 02"
"0000001995","Schneider GmbH"
"T-K515C14","Spedition Gruber"
"0000100113","James Abbott"
"SUPPL03","Supplier 03"
"0000001999","Test"
"T-K515C15","Spedition Gruber"
"0000100114","Jake West"
"SUPPL04","Supplier 04"
"0000002000","Metall-Recycling GmbH"
"0000100115","Michael Waldmann"
"SUPPL05","Supplier 05"
"T-K515C16","Spedition Gruber"
"0000002005","Wilms and Brothers Ltd."
"0000100116","Mark Williams"
"SUPPL06","Supplier 06"
"0000002007","Morel"
"T-K515C17","Spedition Gruber"
"0000100117","Carol Higgins"
"T-1031","Chips und Fritz AG"
"0000002008","Antoni"
"T-K515C18","Spedition Gruber"
"0000100118","John McCormick"
"T-F00A00","AC205 Vendor"
"0000002009","Elco Automotive Ltd."
"T-K515C19","Spedition Gruber"
"0000100119","Maggie Hurley"
"T-K500A00","Motolux GmbH Gr.00"
"0000002010","SAPSOTA"
"0000100120","Marvin Smith"
"T-K515C20","Spedition Gruber"
"0000002100","EASTERN TRUCKING CO."
"T-K500A01","Motolux GmbH Gr.01"
"0000100121","Bill Grace"
"T-K515C21","Spedition Gruber"
"0000002200","HTG Komponente GmbH"
"T-K500A02","Motolux GmbH Gr.02"
"0000100122","Mike Sanders"
"T-K515C22","Spedition Gruber"
"T-K500A03","Motolux GmbH Gr.03"
"0000002210","HTG Components"
"0000100123","Darryl Gibbons"
"T-K515C23","Spedition Gruber"
"0000002315","Lucent"
"T-K500A04","Motolux GmbH Gr.04"
"0000100124","John Throw"
"T-K515C24","Spedition Gruber"
"0000002316","Cisco"
"T-K500A05","Motolux GmbH Gr.05"
"0000100125","Rick McDowell"
"0000002317","Vendor 3"
"T-K515C25","Spedition Gruber"
"T-K500A06","Motolux GmbH Gr.06"
"0000100126","Barb Brunner"
"0000002345","MJB Enterprises"
"T-K500A07","Motolux GmbH Gr.07"
"T-K515C26","Spedition Gruber"
"0000002500","Ancol Corp."
"0000100128","Global Business Properties"
"T-K500A08","Motolux GmbH Gr.08"
"T-K515C27","Spedition Gruber"
"0000100133","Mark Freeman"
"0000002501","P4B Pistons for Brakes Inc."
"T-K500A09","Motolux GmbH Gr.09"
"T-K515C28","Spedition Gruber"
"0000100134","Peter Johnson"
"T-K500A10","Motolux GmbH Gr.10"
"0000002502","Rubicon Steel & Components"
"0000100135","Linda Addison"
"0000100198","Joe Flathers"
"T-K515C29","Spedition Gruber"
"0000002910","Insurance Perfect Ltd."
"0000100136","Susan Affleck"
"0000100203","Alan Aguilar"
"0000002920","Tax Office"
"T-K515C30","Spedition Gruber"
"0000100137","Ben Devine"
"0000100204","Bob Abe"
"0000003000","C.E.B. New York"
"0000100138","Judy Diaz"
"0000100205","Shirley Anderson"
"0000003001","Flowrate Corp"
"T-K515D01","Electronic Components Distributor"
"0000100143","Adam Richardson"
"0000003002","Odysse Pump"
"0000100208","Proveedor 2"
"0000100148","Perry Johnson"
"T-K515D02","Electronic Components Distributor"
"0000100213","ABC real estate inc"
"0000003003","World's Best Suppliers"
"0000100149","Jordan Miller"
"0000100218","Amanda Winters"
"0000003005","Abbott Building Supplies\, Inc."
"T-K515D03","Electronic Components Distributor"
"0000100153","Plastic Cap Inc"
"0000100223","TechTronix Inc."
"0000003006","Henderson Inc."
"0000100154","Caps Inc"
"0000100224","Pear Consulting Services Inc"
"0000003010","One Time Vendors Q - Z"
"0000100155","Packaging International"
"0000003018","Fremont Supplies"
"0000100228","江戸前ビル株式会社"
"T-K515D04","Electronic Components Distributor"
"0000100158","Larry Landlord"
"0000003020","World Wide Computer Warehouse"
"0000100229","SAPビルディング株式会社"
"0000100159","Larry Landlord"
"0000003021","MOBILE Inc."
"T-K515D05","Electronic Components Distributor"
"0000100160","Larry Landlord"
"0000100233","Chemia A Technicznie Fabryka"
"0000003022","CAFS Chemicals & Pharmaceuticals"
"T-K515D06","Electronic Components Distributor"
"0000100234","Indian IT Trading Company"
"0000003030","Air Parts"
"0000100161","Johnson Jenny"
"T-K515D07","Electronic Components Distributor"
"0000100235","C.R.T.U."
"0000100163","Pedro Lopez"
"0000003031","Air Service"
"0000100236","Russian Electronic Trading Company"
"0000100168","Willy Davidson"
"T-K515D08","Electronic Components Distributor"
"0000003035","CAFS Chemicals & Pharmaceuticals"
"0000100237","Becker Berlin"
"0000100173","Washington Realty Corporation"
"0000003100","Phoenix Supplies"
"T-K515D09","Electronic Components Distributor"
"0000100238","ITelO"
"0000003101","Finanzamt Berlin"
"0000100178","Gerry Harve"
"0000100239","Russian Electronic Trading Company"
"T-K515D10","Electronic Components Distributor"
"0000003102","Christian Barth"
"0000100179","Gerry Doolle"
"0000100243","Real Estate Trust"
"0000003103","Werner GmbH & Co."
"0000100183","George Harvey"
"T-K515D11","Electronic Components Distributor"
"0000100248","IDES Tool and Die"
"0000003104","AAB Wurmböck GmbH"
"0000100184","Gary Dahl"
"0000003105","KAGO Schornsteinbau"
"T-K515D12","Electronic Components Distributor"
"0000100253","ERA Elektro Recycling Austria GmbH"
"0000100188","Department of Finance Correspondenc"
"0000003106","Städtische Wasserwerke München"
"0000100193","Frank Bake"
"T-K515D13","Electronic Components Distributor"
"0000100254","Altstoff Recycling Austria"
"0000003111","CMDS Supplier"
"0000100258","BEBAT"
"0000003120","Morris C.A. Pipe-Services"
"T-K515D14","Electronic Components Distributor"
"0000100259","Recupel"
"0000003121","Marx Broths Piping Copmany"
"0000100263","JCPRA"
"T-K515D15","Electronic Components Distributor"
"0000003140","Morris C.A. Pipe-Services"
"0000100268","CED"
"T-K515D16","Electronic Components Distributor"
"0000100273","SUPM REA Partner"
"0000003141","Marx Broths Piping Copmany"
"0000100194","Chris Winter"
"T-K515D17","Electronic Components Distributor"
"0000003150","Get Mobile Inc."
"0000100278","Jameson"
"0000100195","Daniel Voss"
"0000003151","Superior Tech. Inc."
"0000100279","Kelly Jameson"
"T-K515D18","Electronic Components Distributor"
"0000100196","Susan Parker"
"0000003152","LUXITEC Inc."
"0000100283","GE Company"
"0000100197","David Lee"
"T-K515D19","Electronic Components Distributor"
"0000003200","Stables Office Supply"
"0000100288","Rigid Plastic Packaging Container"
"T-K540A00","Allround Services GmbH"
"0000003212","Cross Worlds Consulting"
"T-K515D20","Electronic Components Distributor"
"T-K540A01","Allround Services G"
"0000003272","ADCOM COMPUTER"
"0000100289","REA Pack. Sustain. Reporting"
"T-K515D21","Electronic Components Distributor"
"T-K540A02","Allround Services G"
"0000003300","Material Supplier"
"0000100293","Blue Box Ontario"
"T-K540A03","Allround Services G"
"0000003301","Office Supply Company"
"T-K515D22","Electronic Components Distributor"
"0000100298","Emerging Suppliers"
"T-K540A04","Allround Services G"
"0000003302","Utilities Company"
"0000100303","EPSC"
"T-K515D23","Electronic Components Distributor"
"0000100304","RBRC"
"T-K540A05","Allround Services G"
"0000003333","Bill Biller"
"0000100308","Apple Germany"
"T-K515D24","Electronic Components Distributor"
"T-K540A06","Allround Services G"
"0000003410","Feralloy"
"T-K540A07","Allround Services G"
"0000100313","Brose International"
"0000003411","Delta Steel Inc."
"T-K515D25","Electronic Components Distributor"
"T-K540A08","Allround Services G"
"0000003412","AP Steel"
"T-K515D26","Electronic Components Distributor"
"T-K540A09","Allround Services G"
"0000003413","Schmidt & Söhne"
"T-K540A10","Allround Services G"
"0000003414","Ancofer"
"0000100318","TMS Consulting"
"T-K515D27","Electronic Components Distributor"
"T-K540A11","Allround Services G"
"0000003415","Metallexpo"
"0000100320","W+S Network Solutions"
"T-K540A12","Allround Services G"
"T-K515D28","Electronic Components Distributor"
"0000003425","ACME Supply Company"
"0000100321","Evolo Robots"
"T-K540A13","Allround Services G"
"T-K515D29","Electronic Components Distributor"
"0000100322","Microsoft Germany"
"0000003430","Universal Chemical Stabilizer Co."
"T-K540A14","Allround Services G"
"0000100323","Mike Anderson"
"T-K515D30","Electronic Components Distributor"
"0000003450","Finanzamt Frankfurt"
"T-K540A15","Allround Services G"
"0000100328","Fischer Electronic"
"0000003451","Wasserwerke Frankfurt"
"T-K521A00","Humpert u. Töchter GmbH"
"T-K540A16","Allround Services G"
"0000100330","GDC Inc."
"0000003452","Stromlieferant"
"T-K521A01","Humpert u. Töchter GmbH"
"T-K540A17","Allround Services G"
"0000003453","Waermelieferant Frankfurt"
"0000100332","Jansen & Partner Consulting"
"T-K521A02","Humpert u. Töchter GmbH"
"T-K540A18","Allround Services G"
"0000003454","Finanzamt Berlin"
"0000100333","plant 1500"
"T-K521A03","Humpert u. Töchter GmbH"
"T-K540A19","Allround Services G"
"0000100334","Plant 1600"
"0000003455","Wasserwerke Berlin"
"T-K521A04","Humpert u. Töchter GmbH"
"T-K540A20","Allround Services G"
"0000003456","Waermelieferant Berlin"
"0000100338","DC Santa Fé\, Argentina"
"T-K521A05","Humpert u. Töchter GmbH"
"T-K540B00","ISG Innovative Services GmbH"
"0000003457","Clean & Cleaner"
"0000100339","DC Mendoza\, Argentina"
"T-K521A06","Humpert u. Töchter GmbH"
"0000003458","Meyers Real Estate AG"
"T-K540B01","ISG Innovative Services GmbH"
"0000100343","DC HongKong"
"T-K521A07","Humpert u. Töchter GmbH"
"0000003500","Electronic Funds Transfer"
"0000100344","DC Tai’an\, CN"
"T-K521A08","Humpert u. Töchter GmbH"
"T-K540B02","ISG Innovative Services GmbH"
"0000003510","1099 Vendor"
"0000100348","DIVISION 2240"
"T-K521A09","Humpert u. Töchter GmbH"
"T-K540B03","ISG Innovative Services GmbH"
"0000003511","PA Electronics"
"0000100353","Landbell"
"T-K521A10","Humpert u. Töchter GmbH"
"0000100354","REPA"
"T-K540B04","ISG Innovative Services GmbH"
"0000003535","Scheduling Agreement Vendor"
"T-K521A11","Humpert u. Töchter GmbH"
"0000100358","Third-Party Agent #1"
"T-K521A12","Humpert u. Töchter GmbH"
"T-K540B05","ISG Innovative Services GmbH"
"0000003550","International Container Companny"
"0000100359","Third-Party Agent #2"
"T-K521A13","Humpert u. Töchter GmbH"
"0000003555","IDES Packaging Inc."
"0000100363","Barlow & Son"
"T-K540B06","ISG Innovative Services GmbH"
"T-K521A14","Humpert u. Töchter GmbH"
"0000100364","Muster IT GmbH"
"0000003556","IDES Bottles Manufacturing Inc."
"T-K521A15","Humpert u. Töchter GmbH"
"T-K540B07","ISG Innovative Services GmbH"
"0000100365"," Med Supply Inc."
"0000003557","Ides Can Manufacturing"
"T-K521A16","Humpert u. Töchter GmbH"
"0000100366","IT Ware Ltd."
"0000003560","Metal Containers"
"T-K540B08","ISG Innovative Services GmbH"
"T-K521A17","Humpert u. Töchter GmbH"
"0000100367","Kramer GmbH"
"0000003701","eSupplier\, Inc"
"T-K540B09","ISG Innovative Services GmbH"
"T-K521A18","Humpert u. Töchter GmbH"
"0000100368","Westwood"
"0000003705","Zebra Supplies"
"0000100369","Leblon"
"T-K521A19","Humpert u. Töchter GmbH"
"T-K540B10","ISG Innovative Services GmbH"
"0000003710","Zebra Supplies"
"0000100370","Stoll Laborbedarf"
"0000003715","Zebra Supplies"
"T-K521A20","Humpert u. Töchter GmbH"
"0000100371","Femur & Tibia"
"T-K540B11","ISG Innovative Services GmbH"
"0000003720","Zebra Supplies"
"T-K521A21","Humpert u. Töchter GmbH"
"0000100373","Industrias Pacificas S.A."
"0000003725","Zebra Supplies"
"T-K540B12","ISG Innovative Services GmbH"
"T-K521A22","Humpert u. Töchter GmbH"
"0000003730","Aztec Supplies"
"0000100378","Plant EWM APJ Multi tenant 1"
"T-K521A23","Humpert u. Töchter GmbH"
"T-K540B13","ISG Innovative Services GmbH"
"0000003735","Farm Products Inc."
"0000100379","Plant EWM EMEA Multi tenant 1"
"T-K521A24","Humpert u. Töchter GmbH"
"T-K540B14","ISG Innovative Services GmbH"
"0000003740","Colinas Maintenance Corp."
"T-K521A25","Humpert u. Töchter GmbH"
"0000100380","Plant EWM LA Multi tenant 1"
"T-K540B15","ISG Innovative Services GmbH"
"0000003741","Schwartz Brothers"
"T-K521A26","Humpert u. Töchter GmbH"
"0000100383","Ref Cust for Germany"
"0000003745","Destec Office Supplies"
"T-K540B16","ISG Innovative Services GmbH"
"T-K521A27","Humpert u. Töchter GmbH"
"0000100384","Comp Customer for Germany"
"0000003750","New York Plant 3000"
"T-K521A28","Humpert u. Töchter GmbH"
"T-K540B17","ISG Innovative Services GmbH"
"0000100388","jayakanth r"
"0000003755","Bellevue Plant 4000"
"T-K521A29","Humpert u. Töchter GmbH"
"0000100391","ThomasCA"
"T-K540B18","ISG Innovative Services GmbH"
"0000003760","Flavia"
"T-K521A30","Humpert u. Töchter GmbH"
"0000100392","BarbaraKyle"
"0000003761","Hi-Way Hi-Fi"
"T-K540B19","ISG Innovative Services GmbH"
"T-K521B00","Nordspeed GmbH"
"0000003762","Lyreco"
"0000100393","NewUserNewUser123"
"T-K540B20","ISG Innovative Services GmbH"
"T-K521B01","Nordspeed GmbH"
"0000100398","RSV10"
"0000003800","Denver Distribution Center"
"T-Q415-00","Ultralight"
"T-K521B02","Nordspeed GmbH"
"0000100403","Creative Signs"
"T-Q415-01","Ultralight"
"0000003801","Acme Industrial Supplies"
"T-K521B03","Nordspeed GmbH"
"0000100408","North Energy Ltd"
"T-Q415-02","Ultralight"
"T-K521B04","Nordspeed GmbH"
"0000100413","Lenovo Parts"
"0000003802","American Business Services"
"T-Q415-03","Ultralight"
"T-K521B05","Nordspeed GmbH"
"0000100418","GDC"
"T-Q415-04","Ultralight"
"T-K521B06","Nordspeed GmbH"
"0000003803","Multi-State Brokers\, Inc."
"0000100423","42302"
"T-Q415-05","Ultralight"
"T-K521B07","Nordspeed GmbH"
"0000003815","EGS America"
"0000100428","Ship Project Customer"
"T-Q415-06","Ultralight"
"T-K521B08","Nordspeed GmbH"
"0000003816","NJ Electronics"
"0000200000","Prudential"
"T-Q415-07","Ultralight"
"T-K521B09","Nordspeed GmbH"
"0000003817","MicroElectronics"
"0000200001","Blue Cross Blue Shield"
"T-Q415-08","Ultralight"
"T-K521B10","Nordspeed GmbH"
"0000200002","Kaiser"
"0000003818","Atlanta Electronics Supply"
"T-Q415-09","Ultralight"
"T-K521B11","Nordspeed GmbH"
"0000200003","Canada Life"
"0000003819","Tucker Industries"
"T-Q415-10","Ultralight"
"T-K521B12","Nordspeed GmbH"
"0000200004","Harvard Communitz Health"
"0000003820","Thomas Bush"
"T-Q415-11","Ultralight"
"0000200005","CIGNA"
"0000003849","Staples"
"T-K521B13","Nordspeed GmbH"
"T-Q415-12","Ultralight"
"0000200006","CIGNA PPO"
"T-K521B14","Nordspeed GmbH"
"T-Q415-13","Ultralight"
"0000003900","Gateway Supply"
"0000200007","Fidelity 401k Services"
"T-K521B15","Nordspeed GmbH"
"T-Q415-14","Ultralight"
"0000003901","Gertronics"
"0000200008","Vision Service Plan"
"T-K521B16","Nordspeed GmbH"
"T-Q415-15","Ultralight"
"0000003902","SCT Inc."
"0000200009","Hewitt Associates"
"T-K521B17","Nordspeed GmbH"
"T-Q415-16","Ultralight"
"0000003903","Elway Industries"
"0000200010","Great Lakes HMO"
"T-K521B18","Nordspeed GmbH"
"T-Q415-17","Ultralight"
"0000003904","JSS of America"
"0000200011","Hyatt Legal Services"
"T-K521B19","Nordspeed GmbH"
"T-Q415-18","Ultralight"
"0000003905","Greenville Manufacturers"
"0000200012","Merrill Lynch"
"T-K521B20","Nordspeed GmbH"
"T-Q415-19","Ultralight"
"0000003906","Dynasty"
"0000200013","CIGNA"
"T-Q415-20","Ultralight"
"T-K521B21","Nordspeed GmbH"
"0000003910","Infix Corporation"
"0000200014","Inversiones Mexicanas"
"T-Q415-21","Ultralight"
"T-K521B22","Nordspeed GmbH"
"0000200015","Centauro"
"0000003920","Pyramid Systems"
"T-Q415-22","Ultralight"
"T-K521B23","Nordspeed GmbH"
"0000003930","TetPak Inc."
"0000200016","State of California"
"T-Q415-23","Ultralight"
"T-K521B24","Nordspeed GmbH"
"0000200017","State of Illinois"
"0000003931","International Transport Comp."
"T-Q415-24","Ultralight"
"T-K521B25","Nordspeed GmbH"
"0000200018","State of New Jersey"
"T-Q415-25","Ultralight"
"T-K521B26","Nordspeed GmbH"
"0000003940","Mitch & Collins"
"0000200019","State of Massachuesetts"
"T-Q415-26","Ultralight"
"T-K521B27","Nordspeed GmbH"
"0000003941","Transport Express"
"0000200020","State of Georgia"
"T-Q415-27","Ultralight"
"T-K521B28","Nordspeed GmbH"
"0000003950","One Time Vendors L - P"
"0000200021","State of Ohio"
"T-Q415-28","Ultralight"
"T-K521B29","Nordspeed GmbH"
"0000003960","One Time Vendors A - K"
"0000200025","Internal revenue service"
"T-Q415-29","Ultralight"
"T-K521B30","Nordspeed GmbH"
"0000003970","VISA"
"T-Q415-30","Ultralight"
"0000200026","State of New York"
"T-K521C00","Jotachi Deutschland AG"
"0000003980","Main Line Cleaning Services"
"0000200027","State of Georgia"
"TE-AC00","American Sports Distributor Gr. 76"
"T-K521C01","Jotachi Deutschland AG"
"0000003990","Plastic Bottle Inc"
"0000200028","Albatros Aircrafts"
"T-K521C02","Jotachi Deutschland AG"
"TE-AC01","American Sports Distributor Gr. 76"
"0000200029","BA Union"
"0000003999","Jabil Vendor"
"T-K521C03","Jotachi Deutschland AG"
"0000004000","Iron Power Inc."
"TE-AC02","American Sports Distributor Gr. 76"
"0000200030","Metropolitan Life Insurance"
"T-K521C04","Jotachi Deutschland AG"
"0000004010","Electric Engines"
"0000200035","UAW"
"T-K521C05","Jotachi Deutschland AG"
"TE-AC03","American Sports Distributor Gr. 76"
"0000004020","E-Tech Inc."
"0000200040","Shandra Russell"
"T-K521C06","Jotachi Deutschland AG"
"0000004041","Express Transport"
"TE-AC04","American Sports Distributor Gr. 76"
"0000200041","Natasha Grant"
"T-K521C07","Jotachi Deutschland AG"
"0000004042","Reliable Trucking"
"0000200042","Denis Sutton"
"T-K521C08","Jotachi Deutschland AG"
"0000004043","Parcel Service Express"
"TE-AC05","American Sports Distributor Gr. 76"
"0000200043","Ross Lannan"
"0000004165","Alexander Inc."
"T-K521C09","Jotachi Deutschland AG"
"0000200044","Raymond Chan"
"TE-AC06","American Sports Distributor Gr. 76"
"T-K521C10","Jotachi Deutschland AG"
"0000004212","ALT's Autom. Release Vendor"
"0000200045","Judy Foster"
"TE-AC07","American Sports Distributor Gr. 76"
"T-K521C11","Jotachi Deutschland AG"
"0000004250","Washington Realty Corporation"
"0000200046","Leslie Edwards"
"T-K521C12","Jotachi Deutschland AG"
"TE-AC08","American Sports Distributor Gr. 76"
"0000200047","Carol Chapelski"
"0000004251","Anderson Realty Corporation"
"T-K521C13","Jotachi Deutschland AG"
"TE-AC09","American Sports Distributor Gr. 76"
"0000200048","Judy Murin"
"0000004252","Hummer & Smith Properties"
"T-K521C14","Jotachi Deutschland AG"
"0000200049","Dean Melnyk"
"TE-AC10","American Sports Distributor Gr. 76"
"T-K521C15","Jotachi Deutschland AG"
"0000004254","McDaniels Realty Corporation"
"0000200050","Doug Hommy"
"TE-AC11","American Sports Distributor Gr. 76"
"T-K521C16","Jotachi Deutschland AG"
"0000004256","Meyers Real Estate AG"
"0000200051","Neil Lefevre"
"T-K521C17","Jotachi Deutschland AG"
"TE-AC12","American Sports Distributor Gr. 76"
"0000004257","Polis Immobilien Fuehrer"
"0000200055","Template for employee"
"T-K521C18","Jotachi Deutschland AG"
"0000200060","June Brown"
"0000004258","Hoffmann Immobilien AG"
"TE-AC13","American Sports Distributor Gr. 76"
"T-K521C19","Jotachi Deutschland AG"
"0000300000","Edwin Dealer"
"0000004378","Seattle Wire Steel"
"T-K521C20","Jotachi Deutschland AG"
"TE-AC14","American Sports Distributor Gr. 76"
"0000300002","Juan Gonzalez"
"0000004444","London Supplying Plant"
"T-K521C21","Jotachi Deutschland AG"
"0000300011","Harry Crump"
"TE-AC15","American Sports Distributor Gr. 76"
"0000004445","Werk Hamburg (1000)"
"T-K521C22","Jotachi Deutschland AG"
"0000004446","2300"
"T-K521C23","Jotachi Deutschland AG"
"0000300020","Mobile Mania East Side Store"
"TE-AC16","American Sports Distributor Gr. 76"
"0000004447","Plant Dallas 3500"
"T-K521C24","Jotachi Deutschland AG"
"0000300030","Fernando Rodriguez"
"TE-AC17","American Sports Distributor Gr. 76"
"0000004448","plant 1500"
"0000300040","Forrest"
"T-K521C25","Jotachi Deutschland AG"
"0000004449","Plant 1600"
"0000300050","Rosa"
"TE-AC18","American Sports Distributor Gr. 76"
"T-K521C26","Jotachi Deutschland AG"
"0005000000","Google Inc."
"0000004450","DC Santa Fé\, Argentina"
"T-K521C27","Jotachi Deutschland AG"
"TE-AC19","American Sports Distributor Gr. 76"
"0005000001","Licensing Corp"
"0000004451","DC Mendoza\, Argentina"
"T-K521C28","Jotachi Deutschland AG"
"TE-AC20","American Sports Distributor Gr. 76"
"0000004452","DC HongKong"
"0005000002","European Patent Office"
"T-K521C29","Jotachi Deutschland AG"
"0000004453","DC Tai’an\, CN"
"0007000000","IDES Lieferant"
"TE-AC21","American Sports Distributor Gr. 76"
"T-K521C30","Jotachi Deutschland AG"
"0000004711","Cinsa GmbH & Co. KG"
"0007000005","Metro Solutions"
"T-K521D00","Kreutzschmi"
"TE-AC22","American Sports Distributor Gr. 76"
"0000004910","D. & P. Forbes"
"0007000006","Global Computers"
"T-K521D01","Kreutzschmi"
"0000004920","Anda El Eid"
"TE-AC23","American Sports Distributor Gr. 76"
"T-K521D02","Kreutzschmi"
"0007000007","MetroPolis Corp"
"0000004930","Hatushiba co.ltd"
"T-K521D03","Kreutzschmi"
"0007000008","Zynega Pharm AG"
"TE-AC24","American Sports Distributor Gr. 76"
"T-K521D04","Kreutzschmi"
"0000004940","R & P Bros"
"T-K521D05","Kreutzschmi"
"0007000009","東光エンタープライズ"
"TE-AC25","American Sports Distributor Gr. 76"
"0000005000","Aspect Online"
"T-K521D06","Kreutzschmi"
"0007000010","한국 시스템"
"TE-AC26","American Sports Distributor Gr. 76"
"0000005001","Osaka material inc."
"T-K521D07","Kreutzschmi"
"0007000011","Глобал Компьютер"
"T-K521D08","Kreutzschmi"
"0000005002","One time vendor"
"TE-AC27","American Sports Distributor Gr. 76"
"0007000012","陕西公司"
"T-K521D09","Kreutzschmi"
"0000005003","Asia high tech inc."
"0007000013","Global Computers"
"TE-AC28","American Sports Distributor Gr. 76"
"T-K521D10","Kreutzschmi"
"0000005004","Lawyer"
"0007000015","Reynolds Software"
"T-K521D11","Kreutzschmi"
"TE-AC29","American Sports Distributor Gr. 76"
"A006003948","Catering Services"
"0000005005","Office rent inc."
"T-K521D12","Kreutzschmi"
"0000005011","IR Corporation"
"A006015073","Consulting Services"
"T-K521D13","Kreutzschmi"
"TE-AC30","American Sports Distributor Gr. 76"
"A006029461","IT Services"
"0000005012","Railways Inc."
"T-K521D14","Kreutzschmi"
"TEATIME","Teatime plc"
"A006034403","C&I Services"
"TEST124","test124"
"0000005021","P.S.A. SYSTEMS Corp."
"T-K521D15","Kreutzschmi"
"TI-VEN1","Best Packaging Company"
"T-K521D16","Kreutzschmi"
"0000005030","上吉産業株式会社　本社"
"A006049527","Translation Services"
"TI-VEN2","PackM Inc."
"T-K521D17","Kreutzschmi"
"A006052007","Printing Services"
"0000005031","鈴木原料株式会社"
"T-K521D18","Kreutzschmi"
"TI_VEN1","Best Packaging Company"
"0000005032","小林株式会社"
"A006061954","Media Publishing Services"
"T-K521D19","Kreutzschmi"
"TM_CAR001","P&G Truck Lines"
"0000005040","山本工務店"
"A006079154","Public Relation Services"
"T-K521D20","Kreutzschmi"
"TM_CAR002","National Trucking"
"0000005050","vendor master 5050"
"A006088451","Security Services"
"T-K521D21","Kreutzschmi"
"TM_CAR003","Fast Trucking & Logistics"
"0000005051","vendor master 5051"
"A006097529","Maintenance Services"
"T-K521D22","Kreutzschmi"
"TM_CAR004","Europa Express"
"0000005060","上吉産業株式会社　横浜支店"
"A006105812","Gardener Services"
"T-K521D23","Kreutzschmi"
"TM_CAR005","Ruhr Logistik"
"T-K521D24","Kreutzschmi"
"TM_CSL001","Global Cargo Systems"
"A006116835","Chauffeur Services"
"0000005061","上吉産業株式会社　名古屋支店"
"T-K521D25","Kreutzschmi"
"TM_US_L_01","Carrier Land US 01"
"0000005100","Harbinger Online Shops"
"ABC-600","Pump Repair Company"
"T-K521D26","Kreutzschmi"
"TM_US_L_02","Carrier Land US 02"
"ADAMS","Adams Inc."
"0000005200","Intershop"
"T-K521D27","Kreutzschmi"
"TM_US_L_03","Carrier Land US 03"
"0000005205","RS Components"
"AGENCY00","Real Estate Agency Hamburg"
"T-K521D28","Kreutzschmi"
"0000005210","Abele Intershop"
"AGENCY01","Real Estate Agency Hamburg"
"T-K521D29","Kreutzschmi"
"TM_US_R_01","Carrier Rail US"
"0000005300","Grainger Online Shop"
"AGENCY02","Real Estate Agency Hamburg"
"T-K521D30","Kreutzschmi"
"TOKYO","Tokyo"
"0000005301","Acufit Manufacturing"
"AGENCY03","Real Estate Agency Hamburg"
"T-K521E00","Grosshandel-Baden"
"TP-CAR-LTL","LTL Carrier"
"AGENCY04","Real Estate Agency Hamburg"
"T-K521E01","Grosshandel-Baden"
"0000005307","Japan Computer Parts Corp."
"TP-CAR-PAR","Parcel Carrier"
"TP-CARA","TPVS Carrier A"
"AGENCY05","Real Estate Agency Hamburg"
"T-K521E02","Grosshandel-Baden"
"0000005400","Requisite Online"
"TP-CARB","TPVS Carrier B"
"T-K521E03","Grosshandel-Baden"
"AGENCY06","Real Estate Agency Hamburg"
"0000005500","Online Store"
"TP-CARC","TPVS Carrier C"
"T-K521E04","Grosshandel-Baden"
"TP-CARD","TPVS Carrier D"
"AGENCY07","Real Estate Agency Hamburg"
"0000005550","IDES Consumer Products"
"T-K521E05","Grosshandel-Baden"
"TP-MMCARA","Global Transportation"
"0000005557","VK  Enterprisises"
"AGENCY08","Real Estate Agency Hamburg"
"T-K521E06","Grosshandel-Baden"
"TP-MMCARB","Worldwide Transportation Services"
"0000005560","IDES Furnitures Inc."
"AGENCY09","Real Estate Agency Hamburg"
"T-K521E07","Grosshandel-Baden"
"0000005570","IDES High Tech Inc."
"T-K521E08","Grosshandel-Baden"
"TP-MMCARC","Speedy Transportation Services"
"AGENCY10","Real Estate Agency Hamburg"
"0000005571","Amazon"
"T-K521E09","Grosshandel-Baden"
"0000005575","M&E Inc."
"TP-MMCARD","Intermodal Services"
"AGENCY11","Real Estate Agency Hamburg"
"T-K521E10","Grosshandel-Baden"
"0000005579","Jones Inc."
"TP-VEND1","US Detergent Co."
"AGENCY12","Real Estate Agency Hamburg"
"T-K521E11","Grosshandel-Baden"
"0000005580","IDES Tech Inc"
"TP-VEND2","US Chemical - Dallas"
"T-K521E12","Grosshandel-Baden"
"AGENCY13","Real Estate Agency Hamburg"
"0000005581","IDES Office Products"
"TP-VEND3","TP_VEND3"
"T-K521E13","Grosshandel-Baden"
"0000005582","IDES Automotive"
"TPA100","3PA100"
"AGENCY14","Real Estate Agency Hamburg"
"T-K521E14","Grosshandel-Baden"
"TPE100","3PE100"
"0000005583","Total E&P Services Corp."
"T-K521E15","Grosshandel-Baden"
"TPL100","3PL100"
"AGENCY15","Real Estate Agency Hamburg"
"0000005584","IDES Pump Technologies Inc."
"T-K521E16","Grosshandel-Baden"
"TPLM-99","Sapsota Company Limited"
"AGENCY16","Real Estate Agency Hamburg"
"T-K521E17","Grosshandel-Baden"
"0000005585","IDES Software Application Consultin"
"TPLM410-00","Computer Box"
"AGENCY17","Real Estate Agency Hamburg"
"T-K521E18","Grosshandel-Baden"
"0000005586","IDES IT Consulting"
"TPLM410-01","Computer Box"
"AGENCY18","Real Estate Agency Hamburg"
"0000005587","IDES PCK Inc."
"T-K521E19","Grosshandel-Baden"
"TPLM410-02","Computer Box"
"AGENCY19","Real Estate Agency Hamburg"
"T-K521E20","Grosshandel-Baden"
"TPLM410-03","Computer Box"
"0000005588","IDES Electronic Parts Inc"
"AGENCY20","Real Estate Agency Hamburg"
"T-K521E21","Grosshandel-Baden"
"0000005589","IDES DIGSIG"
"AGENCY21","Real Estate Agency Hamburg"
"TPLM410-04","Computer Box"
"T-K521E22","Grosshandel-Baden"
"TPLM410-05","Computer Box"
"0000005590","IDES Photo Labs Inc"
"AGENCY22","Real Estate Agency Hamburg"
"T-K521E23","Grosshandel-Baden"
"TPLM410-06","Computer Box"
"0000005591","TX Electronics"
"AGENCY23","Real Estate Agency Hamburg"
"T-K521E24","Grosshandel-Baden"
"TPLM410-07","Computer Box"
"0000005592","MH Electronics"
"AGENCY24","Real Estate Agency Hamburg"
"T-K521E25","Grosshandel-Baden"
"TPLM410-08","Computer Box"
"0000005594","IDES SUS_ERS VENDOR"
"T-K521E26","Grosshandel-Baden"
"AGENCY25","Real Estate Agency Hamburg"
"TPLM410-09","Computer Box"
"0000005595","IDES SUS Vendor"
"T-K521E27","Grosshandel-Baden"
"TPLM410-10","Computer Box"
"AGENCY26","Real Estate Agency Hamburg"
"0000005596","Singapore_IDES_MM_VENDOR"
"T-K521E28","Grosshandel-Baden"
"TPLM410-11","Computer Box"
"AGENCY27","Real Estate Agency Hamburg"
"0000005597","IDES_SINGAPORE_XCBL_VENDOR"
"TPLM410-12","Computer Box"
"T-K521E29","Grosshandel-Baden"
"0000005599","VEST Supplier"
"AGENCY28","Real Estate Agency Hamburg"
"T-K521E30","Grosshandel-Baden"
"TPLM410-13","Computer Box"
"0000005600","J.H.I. Supplier inc."
"AGENCY29","Real Estate Agency Hamburg"
"TPLM410-14","Computer Box"
"EWM_3003","World's Best Suppliers"
"AGENCY30","Real Estate Agency Hamburg"
"0000005601","HTO Services and Solutions"
"EXTERN","Extern"
"TPLM410-15","Computer Box"
"AGENCY31","Real Estate Agency Hamburg"
"EXTERN_GE","External vendor Germany"
"TPLM410-16","Computer Box"
"0000005602","Datalab Computer Applications"
"EXTERN_JP","External vendor Japan"
"TPLM410-17","Computer Box"
"ALEGHENY","Manufacturer Alegheny Ludlum Steel"
"0000005603","CAFS IT SERVICES"
"EXTERN_US","External vendor USA"
"TPLM410-18","Computer Box"
"0000005604","KensleyTechnologies"
"ARA","Altstoff Recycling Austria"
"FCC","Freight Cost Carrier"
"TPLM410-19","Computer Box"
"0000005650","eVendor\, LLP"
"ARAMI-00","Aramingo-00"
"FIAT","Fiat"
"TPLM410-20","Computer Box"
"ARAMI-01","Aramingo-01"
"0000005700","J.P.I. Systems Corp."
"TPLM410-21","Computer Box"
"FOCUS","Focus Inc"
"0000005800","IBM"
"ARAMI-02","Aramingo-02"
"TPLM410-22","Computer Box"
"FORN-7000","Centro São Paulo"
"0000005867","Arizona Aluminum"
"ARAMI-03","Aramingo-03"
"TPLM410-23","Computer Box"
"ARAMI-04","Aramingo-04"
"FORN00-01","Fornecedor Referencia POA"
"0000005900","Enigma"
"TPLM410-24","Computer Box"
"ARAMI-05","Aramingo-05"
"0000006000","Harbinger Online"
"FORN00-02","Fornecedor Pessoa Fisica"
"TPLM410-25","Computer Box"
"ARAMI-06","Aramingo-06"
"0000006001","Robert Mortimer"
"TPLM410-26","Computer Box"
"FORN00-03","Fornecedor não industrial"
"ARAMI-07","Aramingo-07"
"0000006100","NETProducts Inc."
"TPLM410-27","Computer Box"
"FORN00-04","Paulista Group"
"ARAMI-08","Aramingo-08"
"0000006595","ERP Vendor (IDES)"
"TPLM410-28","Computer Box"
"ARAMI-09","Aramingo-09"
"0000006602","Datatrans IT Services"
"TPLM410-29","Computer Box"
"FORN00-05","Fornecedor Impostos Retidos 00"
"ARAMI-10","Aramingo-10"
"0000006650","Saudi Company for Electronics"
"TPLM410-30","Computer Box"
"ARAMI-11","Aramingo-11"
"FORN00-20","Fornecedor Nacional / Bradesco"
"0000006660","Saudi Ceramics"
"TPLM415-00","Electronic Company"
"ARAMI-12","Aramingo-12"
"0000006670","Saudi Telecom"
"FORN00-21","Fornecedor Nacional / Banco Itau"
"TPLM415-01","Electronic Company"
"ARAMI-13","Aramingo-13"
"0000006680","Riyadh Cables"
"TPLM415-02","Electronic Company"
"ARAMI-14","Aramingo-14"
"FORN00-22","Fornecedor Nacional / Banco Itau"
"0000006690","National Shipping Company"
"TPLM415-03","Electronic Company"
"ARAMI-15","Aramingo-15"
"0000006696","Pump Repair Services\, INC"
"TPLM415-04","Electronic Company"
"FORN00-24","Forn Nacional / IRRF pessoa Juríd."
"ARAMI-16","Aramingo-16"
"0000006700","Almarai"
"TPLM415-05","Electronic Company"
"ARAMI-17","Aramingo-17"
"FORN00-25","Fornecedor EDI Bancário 00"
"TPLM415-06","Electronic Company"
"0000006701","IBS for integrated building systems"
"ARAMI-18","Aramingo-18"
"FORNBR","Fornecedor Brasil"
"TPLM415-07","Electronic Company"
"ARAMI-19","Aramingo-19"
"FOURNI","Fournisseur Type"
"0000006702","Hawai Technology Egypt"
"ARAMI-20","Aramingo-20"
"TPLM415-08","Electronic Company"
"0000006703","Ericson"
"FR-001","FOURNISSEUR1"
"ARAMI-21","Aramingo-21"
"TPLM415-09","Electronic Company"
"FR-002","LSP TRANSPORTS FRANCE"
"0000006704","Offices tools and Equipments"
"ARAMI-22","Aramingo-22"
"TPLM415-10","Electronic Company"
"FR-2200","IDES France"
"ARAMI-23","Aramingo-23"
"0000006705","Giza Systems - Alkan"
"TPLM415-11","Electronic Company"
"FR-2201","IDES FRance Subsidiary"
"ARAMI-24","Aramingo-24"
"TPLM415-12","Electronic Company"
"0000006706","Egyptian company for digital distri"
"FR-2210","DIVISION 2210"
"ARAMI-25","Aramingo-25"
"0000006707","Al Abd"
"GPCO","GpCo"
"TPLM415-13","Electronic Company"
"ARAMI-26","Aramingo-26"
"0000006708","Al Ez Rolling"
"TPLM415-14","Electronic Company"
"GTSKR-V01","DaHan Corp."
"ARAMI-27","Aramingo-27"
"0000006709","Egyptian - German for electrical sy"
"TPLM415-15","Electronic Company"
"GTS_0001","GTS GmbH & Co.KG"
"ARAMI-28","Aramingo-28"
"0000006710","Saudi Cement"
"TPLM415-16","Electronic Company"
"ARAMI-29","Aramingo-29"
"GTS_0002","Osama bin Laden"
"0000006711","Egy plast Al Suwaidi"
"TPLM415-17","Electronic Company"
"ARAMI-30","Aramingo-30"
"HOTDOGS","Hot Dogs Inc."
"TPLM415-18","Electronic Company"
"0000006712","Arabian international trade"
"ARA_1","Altstoff Recycling Austria"
"HT-V2011-1","Seagate Technology"
"TPLM415-19","Electronic Company"
"0000006720","Petromin Lubricating Oil Company"
"AVPL","American Vice President Line"
"TPLM415-20","Electronic Company"
"HT-V2011-2","Western Digital"
"B2BVENDOR1","B2B Vendor 1"
"0000006730","National Pipe Co.\, Ltd."
"IIL-CR-01","Ocean Carrier"
"TPLM415-21","Electronic Company"
"BALTUS00","Baltus AG Gr.00"
"0000006740","Arabic Computer Systems\, ltd."
"TPLM415-22","Electronic Company"
"IIL-CR-02","DE Rail Carrier"
"BALTUS01","Baltus AG Gr.01"
"0000006750","Saudi Cable Company"
"IIL-CR-03","CN Truck Carrier"
"TPLM415-23","Electronic Company"
"BALTUS02","Baltus AG Gr.02"
"0000006751","Al Arabi Trading"
"BALTUS03","Baltus AG Gr.03"
"IIL-CR-04","CN Forwarding Agent"
"0000006752","Al Jazeera Materials"
"TPLM415-24","Electronic Company"
"IIL-VN-01","IIL Vendor 1"
"BALTUS04","Baltus AG Gr.04"
"0000006760","Arabian Auto Agency"
"TPLM415-25","Electronic Company"
"IIL-VN-02","IIL Vendor 2"
"BALTUS05","Baltus AG Gr.05"
"TPLM415-26","Electronic Company"
"0000006770","Al Ruwaite Contracting Est."
"INTEEK","INTEEK International"
"BALTUS06","Baltus AG Gr.06"
"TPLM415-27","Electronic Company"
"0000006780","Carrier Saudi Arabia"
"IOT-CR-01","P&G Truck Lines"
"BALTUS07","Baltus AG Gr.07"
"TPLM415-28","Electronic Company"
"0000007000","Grainger Online Shop"
"IOT-CR-02","Global Cargo Systems"
"BALTUS08","Baltus AG Gr.08"
"TPLM415-29","Electronic Company"
"0000007110","Ministere du Revenu - Quebec"
"IOT-CR-03","Europa Express"
"BALTUS09","Baltus AG Gr.09"
"TPLM415-30","Electronic Company"
"0000007220","Good Vendor"
"TPU100","3PU100"
"IS_CARR1","Global East Ocean Transport"
"BALTUS10","Baltus AG Gr.10"
"0000007500","Jaqueline Humes"
"TP_AIR_HH","Airport HH"
"0000007501","Deborah Woolway"
"BALTUS11","Baltus AG Gr.11"
"IS_CARR2","USA Rail Road Company"
"TP_AIR_LON","Airport London"
"0000007502","Stephen Powell"
"BALTUS12","Baltus AG Gr.12"
"IS_CARR3","US West Trucking Company"
"TP_AIR_MX","Airport Mexico DF"
"0000007503","David Gartner"
"BALTUS13","Baltus AG Gr.13"
"IS_CARR4","Europe Trucking Company"
"TP_AIR_WI","Airport Wichita"
"0000007504","Sophie Cleveland"
"BALTUS14","Baltus AG Gr.14"
"TP_DE_N_01",""
"0000007505","Michael Curtis"
"IS_CARR5","Global West Ocean Transport"
"BALTUS15","Baltus AG Gr.15"
"TP_DE_N_02",""
"0000007506","Caren Johnson"
"IS_CARR6","US East Trucking Company"
"BALTUS16","Baltus AG Gr.16"
"TP_DE_S_01","TP EU Supplier 01"
"0000007507","Frank Reeve"
"IS_VEND1","Shanghai Supply Company"
"BALTUS17","Baltus AG Gr.17"
"TP_DE_S_02","TP EU Supplier 02"
"0000007508","Jennifer Stone"
"IS_VEND2","Cologne Equipment AG"
"BALTUS18","Baltus AG Gr.18"
"0000007509","Jack Douglas"
"TP_EU_A_01","TSP Air Transportation Europe 01"
"BALTUS19","Baltus AG Gr.19"
"0000007510","Judie Coltman"
"IS_VEND3","Shanghai International Port Group"
"TP_EU_L_01","TSP Land Transportation Europe 01"
"0000007511","Steve Banley"
"BALTUS20","Baltus AG Gr.20"
"IS_VEND4","Port of Los Angeles"
"0000007512","Eduard Sullivan"
"TP_EU_L_02","TSP Land Transportation Europe 02"
"BALTUS21","Baltus AG Gr.20"
"IS_VEND6","Port of Rotterdam Authority"
"0000007513","Kevin Blair"
"BALTUS22","Baltus AG Gr.22"
"IS_VEND7","Port Authority of NY & NJ"
"TP_EU_L_03","TSP Land Transportation Europe 03"
"0000007514","Patrick Backett"
"BALTUS23","Baltus AG Gr.23"
"TP_EU_SUP1","TP EU Supplier 1"
"JML-1099","1099 Vendor"
"0000007515","Theo Linden"
"BALTUS24","Baltus AG Gr.24"
"0000007516","Robert Penn"
"TP_EU_SUP2","TP EU Supplier 02"
"JML-2122","Staples"
"BALTUS25","Baltus AG Gr.25"
"0000007517","Todd Gustafsen"
"JML-2123","Fry's"
"BALTUS26","Baltus AG Gr.26"
"TP_EU_S_01","TSP EU Sea Transportation 01"
"0000007518","Michelle Dean"
"JML-2124","Vendor - Net w/ customer"
"BALTUS27","Baltus AG Gr.27"
"TP_EU_S_02","TP EU Supplier 02"
"0000007519","Matthew Carter"
"JOLIE-00","JOLIE-00 INCORPORATED"
"TP_PORT_DO","Port Harwich"
"0000007520","Norman Weinberg"
"BALTUS28","Baltus AG Gr.28"
"JOLIE-01","JOLIE-01 INCORPORATED"
"TP_PORT_HH","Port Hamburg"
"0000007521","Angela Lucata"
"JOLIE-02","JOLIE-02 INCORPORATED"
"BALTUS29","Baltus AG Gr.29"
"0000007522","Susann Belli"
"JOLIE-03","JOLIE-03 INCORPORATED"
"BALTUS30","Baltus AG Gr.30"
"TP_PORT_MX","Port Veracruz-Mexico"
"0000007523","Ann Anderson"
"JOLIE-04","JOLIE-04 INCORPORATED"
"TP_PORT_NY","Port New York"
"BARNBECKJ","Joachim Barnbeck"
"0000007524","Barbara Lee"
"JOLIE-05","JOLIE-05 INCORPORATED"
"BLEVINS","Blevins Consulting"
"0000007525","Ryan Reval"
"JOLIE-06","JOLIE-06 INCORPORATED"
"BRATWURST","Bratwurst AG"
"0000007600","Welltech Processing"
"JOLIE-07","JOLIE-07 INCORPORATED"
"CAU301","PGI Truck Lines"
"0000007775","Lufthansa Airplus GmbH"
"JOLIE-08","JOLIE-08 INCORPORATED"
"0000007776","American Express"
"CAU302","National Trucking"
"JOLIE-09","JOLIE-09 INCORPORATED"
"CAU303","Fast Trucking & Logistics"
"0000007777","American Express Corporate Services"
"JOLIE-10","JOLIE-10 INCORPORATED"
"CAU304","Green Transport"
"0000007943","Blythewood Steel"
"TP_TRN_MX","Train Station Mexico"
"JOLIE-11","JOLIE-11 INCORPORATED"
"CBMPUMPSER","CBM Pump Services LTd"
"0000008000","Intershop Online Katalog"
"TP_TRN_WI","Train Station Wichita"
"JOLIE-12","JOLIE-12 INCORPORATED"
"0000008001","Requisite Online"
"CE308","Wei Guo International Inbd Vendor 1"
"JOLIE-13","JOLIE-13 INCORPORATED"
"TP_US_L_01","TSP Land Transportation US 01"
"0000008040","Venky Subcontractors"
"CED","CED"
"JOLIE-14","JOLIE-14 INCORPORATED"
"TP_US_L_02","TSP Land Transportation US 02"
"0000008050","Excellent Materials"
"CH-1000","Fankhauser AG"
"JOLIE-15","JOLIE-15 INCORPORATED"
"CH-2000","Bürgi AG"
"0000008080","E&P Supplier"
"TP_US_L_03","TSP Land Transportation US 03"
"JOLIE-16","JOLIE-16 INCORPORATED"
"TP_US_SUP1",""
"CH-3000","Spichiger GmbH"
"0000008081","Exploration Vendor"
"JOLIE-17","JOLIE-17 INCORPORATED"
"TP_US_SUP2",""
"CH-4000","Inovation SA"
"0000008275","Charlotte Supply"
"JOLIE-18","JOLIE-18 INCORPORATED"
"CH-5000","Imobio AG"
"TP_US_S_01","TSP Sea Transportation US 01"
"JOLIE-19","JOLIE-19 INCORPORATED"
"0000008373","Armstrong Tool Inc."
"CH1222","ABC Supply Company CN"
"JOLIE-20","JOLIE-20 INCORPORATED"
"TP_US_T_01","TSP Train Transportation US 01"
"0000008436","Houston Electrical Supply"
"CIN-VEN","Mr. ABC Pvt. Ltd."
"JOLIE-21","JOLIE-21 INCORPORATED"
"CIRCUITS","Circuits Consulting"
"TRAINING","Leslie Barry Training"
"0000008467","California Winery"
"JOLIE-22","JOLIE-22 INCORPORATED"
"CJL-6027","Carla's Vendor"
"TRANS00-01","Transportadora Caxias"
"0000008500","Supplies Group Pty Ltd"
"JOLIE-23","JOLIE-23 INCORPORATED"
"CKE-28208","Kern's #1 Vendor"
"TRM-VENDOR","TRM-International"
"0000008501","National Parts Group Pty Ltd"
"JOLIE-24","JOLIE-24 INCORPORATED"
"TS_CHICAGO","Train Station Chicago"
"CMA101","Contract Manufacturer 101 LLC"
"0000008502","Corporate Consumables Ltd"
"JOLIE-25","JOLIE-25 INCORPORATED"
"TS_LA","Train Station Los Angeles"
"CME101","Contract Manufacturer 101 GmBH"
"JOLIE-26","JOLIE-26 INCORPORATED"
"0000008765","DuFresne's Supply"
"TURFMOOR","Turfmoor Inc"
"JOLIE-27","JOLIE-27 INCORPORATED"
"UE-1000","Müller"
"0000008888","Sibylle Kneifel"
"CML101","Contract Manufacturer 101 LLC"
"JOLIE-28","JOLIE-28 INCORPORATED"
"UE-1001","Rieger"
"0000009000","Anja Müller"
"CMU101","Contract Manufacturer 101 GmBH"
"US-LA-SP","LA Harbor"
"JOLIE-29","JOLIE-29 INCORPORATED"
"CM_VAG01","CM Agriculture Vendor 01"
"0000009001","Michaela Meier"
"JOLIE-30","JOLIE-30 INCORPORATED"
"0000009002","Frank Schmidtrohr"
"US-VEN1","Universal Chemical Stabilizer Co."
"CM_VAG01E","CM Agri Vendor 01 EUR"
"JP-TOKYOSP","Tokyo Harbor"
"0000009003","Chris Miller"
"US-VEN2","World Colors Incorporated"
"CM_VAG02","CM Agriculture Vendor 02"
"JRT-00","JR Trucking"
"0000009004","Carole B"
"US-VEN3","Global Additives Ltd."
"KF-VN-01","KF: Vendor 01"
"CM_VAG03","CM Agriculture Vendor 03"
"0000009005","Douglas Olson"
"US-VEN4","N. A. Sealing Company"
"KF-VN-02","KF: Vendor 02"
"0000009006","Sally Thompson"
"CM_VCL01E","CM Coal Seller 01 (Europe)"
"US-VEN5","Interstate Transport Comp."
"LANCO","ANCO Technology"
"0000009007","Shinozaki Tsutomo"
"CM_VCO01","CM Concentrate Vendor 01"
"LSANG","Los Angeles"
"US-VEN6","Total Chemical Company"
"0000009008","Sugiyama Ichiro"
"CM_VCO01E","CM Concentrate Vendor EUR"
"US-VEND1","Supplier - One"
"0000009010","Digi storage"
"LUKENS","Manufacturer Lukens Steel Corp."
"CM_VCO02","CM Concentrate Vendor 02"
"US-VEND2","Supplier - Two"
"0000009011","CMX"
"M001","Ultralight"
"CM_VCO03","CM Concentrate Vendor 03"
"0000009012","CDW"
"US-VEND3","Supplier - Three"
"MCCOY-00","McCoy-00"
"CM_VCOFIX","CM Conc Vendor FIX EUR"
"US-VEND4","Supplier - Four"
"MCCOY-01","McCoy-01"
"0000009013","Caterpillar Inc"
"CM_VCOFIXE","CM Conc Vendor FIX"
"US1444","US1444"
"MCCOY-02","McCoy-02"
"0000009014","OneSteel Limited"
"CM_VMEAT_1","CM Vendor Meat"
"US2345","US2345"
"MCCOY-03","McCoy-03"
"CM_VMI01","CM Miscellaneous Vendor01"
"0000009016","Mantell Office"
"US30192","US30192"
"MCCOY-04","McCoy-04"
"0000009017","Chemicals Direct"
"CM_VMI01E","CM Misc Vendor 01 EUR"
"US3720","US3720"
"MCCOY-05","McCoy-05"
"0000009018","Fastenal"
"CM_VMI02","CM Miscellaneous Vendor02"
"US5580","US5580"
"MCCOY-06","McCoy-06"
"0000009019","SHI"
"CM_VMI03","CM Miscellaneous Vendor03"
"UT-SUPPLY","Utilities Supply"
"MCCOY-07","McCoy-07"
"0000009020","Papyrus Corp"
"CM_VMT01","CM Metal Vendor 01"
"V-01","BSI2011-Vendor-01"
"MCCOY-08","McCoy-08"
"0000009021","Office Depot"
"CM_VMT01E","CM Metal Vendor 01 EUR"
"V-02","BSI2011-Vendor-02"
"MCCOY-09","McCoy-09"
"CM_VMT02","CM Metal Vendor 02"
"0000009022","MM Electrical"
"V-03","BSI2011-Vendor-03"
"MCCOY-10","McCoy-10"
"CM_VMT03","CM Metal Vendor 03"
"V-04","BSI2011-Vendor-04"
"MCCOY-11","McCoy-11"
"0000009099","AFS-VENDOR"
"CM_VMT09","CM Alu Can Supplier"
"V-05","BSI2011-Vendor-05"
"MCCOY-12","McCoy-12"
"CM_VMTFIX","CM Metal Vendor FIX"
"V3000","vendor for Plant 3000"
"0000009100","company 9100"
"MCCOY-13","McCoy-13"
"CM_VMTFIXE","CM Metal Vendor FIX EUR"
"VALENCIA","Manufacturer Valencia Foundry"
"CM_VMTGTM","CM Metal Vendor GTM"
"0000009901","Keller\, Gerhard"
"MCCOY-14","McCoy-14"
"VE1100","Debitor for plant 1100"
"CM_VMTGTME","CM Metal Vendor GTM EUR"
"MCCOY-15","McCoy-15"
"VE1300","Vendor for plant 1300"
"CM_VOG01","CM Oil and Gas Vendor 01"
"0000009902","Jansen\, Jürgen"
"MCCOY-16","McCoy-16"
"VE1400","Vendor for plant 1400"
"CM_VOG01E","CM Oil&Gas Vendor 01 EUR"
"MCCOY-17","McCoy-17"
"VE2200","Plant Paris"
"0000009903","Neubauer\, Friedrich"
"CM_VOG02","CM Oil and Gas Vendor 02"
"MCCOY-18","McCoy-18"
"VE2220","Plant Distibution Center Nantes"
"MCCOY-19","McCoy-19"
"CM_VOG03","CM Oil and Gas Vendor 03"
"0000009904","Maier\, Michaela"
"MCCOY-20","McCoy-20"
"VE2230","Plant Distribution Center Tours"
"CN1222","ABC Supply Company CN"
"MCCOY-21","McCoy-21"
"0000009905","Schmidtrohr\, Frank"
"VE2240","Plant Distribution Center Marseille"
"CN2502","Rubicon Steel & Components CN"
"MCCOY-22","McCoy-22"
"VE3400","Plant 3400"
"CN3000","C.E.B. CN"
"MCCOY-23","McCoy-23"
"0000009906","Rickes\, Alexander"
"VE3700","PLant3700"
"COMPANY02","Company02"
"MCCOY-24","McCoy-24"
"VE4510","SAP Plant - Eastern Canada"
"0000009907","Mannheim\, Manfred"
"MCCOY-25","McCoy-25"
"CONAI","Conai Italy"
"0000009908","Boss\, Hugo"
"VE4513","Vendor for plant 4513"
"MCCOY-26","McCoy-26"
"CPB1000","Softdrink"
"0000009909","Miller\, Chris"
"VE4520","Vendor for plant 4520"
"MCCOY-27","McCoy-27"
"CPB1000100","Miller Fred"
"0000009910","Kuhl-Mayer\, Henriette"
"MCCOY-28","McCoy-28"
"VE4530","Vendor for plant 4530"
"CPB1000130","Jenny Light"
"0000009911","Tom Bender"
"MCCOY-29","McCoy-29"
"VEN-00","Contra Pak"
"CPB1000200","DC Megadrink"
"0000009912","Ellen Rilke"
"MCCOY-30","McCoy-30"
"VEN-99","Contra Pak"
"CPF1","Plant Oxnard"
"MD-VEND1","Medical Device Vendor"
"CPF2","Plant Park City"
"VEND-97","American Sports Distributor"
"METMININC","Metal Mining Inc"
"CPF3","DC Henderson"
"VEND-98","Sports Distributors"
"MLM","Main Land Mechatronics"
"CPF4","DC Elizabethtown"
"VEND-99","Paper Suplies"
"MM_CARR_A","MM_CARR_A"
"CRM-01","Leslie Allison"
"VEND2820","China Company code 2820"
"MM_CARR_B","MM_CARR_B"
"0000009913","Jan Hoffmann"
"CRM-10","Leslie Mendoza"
"VENDOR","Typical Vendor"
"MM_CARR_C","MM_CARR_C"
"CRM-19","Leslie Shields"
"0000009923","Alexander Rickes"
"VENDOR01","Vendor 01 GB"
"MM_CARR_D","MM_CARR_D"
"0000009999","IDES Lieferant"
"CRM-24","Leslie Roth"
"VENDOR02","Vendor 02 AG"
"MN01","Manufacturer 01 for MPN"
"0000010000","IDES AG"
"CRM-25","Leslie McCullough"
"VENDOR03","Vendor 03 AG"
"MN02","Manufacturer 02 for MPN"
"CRM-29","Leslie Simpson"
"0000010001","Detroit Supplier Inc."
"VENDOR04","VENDOR04"
"MOBILE01","Scilly Tools PLC"
"CRM-35","Leslie Kingston"
"0000010010","John Smith"
"VENDOR1","Vendor1"
"MOBILE02","Hongkong Trading Ltd"
"0000010018","Linda Smythe"
"CRM-39","Leslie Arnall"
"VENDOR2","Vendor2"
"MOBILE03","HappyHammering PLC"
"CRM-40","Leslie Crumpton"
"0000010019","Karen Mitchell"
"MOBILE04","PERRY'S TOOLBOX PLC"
"CRM-49","Leslie Brown"
"0000010020","Doug Olson"
"MONSANTOBR","MONSANTO DO BRAZIL LTDA"
"CRM-52","Leslie Bancroft"
"MSE","Mainland Steel exporters"
"0000010083","Karl Fischer Motorenwerke"
"CRM-53","Leslie Barnett"
"NL5400","KDS International bv"
"CRM-56","Leslie Caldwell"
"0000010084","Carl Stahl Werkzeugbau GmbH"
"NL5401","Watson bv"
"CRM-60","Leslie Earley"
"VENDORA","Life Sciences Supplier"
"0000010088","Pneu-Tec France"
"NL5410","Leverancier vestiging 5410"
"CRM-62","Leslie Faber"
"0000010089","Auto Color Bulgaria"
"VEN_001","SUPPLIER A"
"CRMTRAINER","Leslie Barry"
"NTE","National Transportation Exchange"
"VS330","S330"
"0000010090","Pneumatici Italia"
"OT-CR-01","PGI Truck Lines"
"CSL_0001","Transpacific Shipping Lines"
"0000010097","TIRES WORLDWIDE"
"VS331","S331"
"OT-CR-02","National Trucking"
"CSL_8901","Acme Trucking Inc."
"VS332","Postal DC 1 Milano"
"0000010098","GUM Company"
"OT-CR-03","Fast Trucking and Logistics"
"CSL_8911","Transcanadian Rail"
"VS333","Postal DC 2 Torino"
"OT-CR-04","Green Transport"
"0000010099","Noe Food Company"
"CSL_8921","Western United Ltd."
"OTA","OTA"
"VS334","Postal DC 3 Arezzo 1"
"0000010100","AUTOBODY INTERNATIONAL"
"CSL_9901","Henshu Truck Co. Ltd."
"PITT-00","PITT-00 INCORPORATED"
"VS335","Postal DC 4 Napoli"
"CS_CARR_A","CS_CARR_A"
"0000010199","UNITED COLORS"
"PITT-01","PITT-01 INCORPORATED"
"WEEE","WEEE"
"CS_CARR_B","CS_CARR_B"
"0000010275","Heidelberger Druck"
"PITT-02","PITT-02 INCORPORATED"
"CS_CARR_C","CS_CARR_C"
"0000010276","Bank of NY"
"YELLOW_FRT","Yellow Freight Systems\, Inc"
"PITT-03","PITT-03 INCORPORATED"
"CS_CARR_D","CS_CARR_D"
"0000010501","Deborah Davis"
"YHTS_ANA","Analog Devices"
"PITT-04","PITT-04 INCORPORATED"
"CS_CARR_E","CS_CARR_E"
"0000010800","Frank Abbott"
"PITT-05","PITT-05 INCORPORATED"
"CS_CARR_F","CS_CARR_F"
"0000011100","Udo Bär"
"PITT-06","PITT-06 INCORPORATED"
"YHTS_FAI","Fairchild Semiconductor"
"0000011111","MASTERCARD"
"D100000","Chemical China - OR"
"PITT-07","PITT-07 INCORPORATED"
"D200000","Chemica IT"
"0000012000","Büromax Bürofachhandel"
"YHTS_KEM","Kemet Corp"
"PITT-08","PITT-08 INCORPORATED"
"D300000","Synchem FI"
"YHTS_MOL","Molex Inc."
"PITT-09","PITT-09 INCORPORATED"
"0000012001","Bankconsulting GmbH"
"DDVEND","Dion Vendor"
"YHTS_NAT","National Semiconductor"
"PITT-10","PITT-10 INCORPORATED"
"0000012002","Autohaus Schmidt"
"DE-001","Inland Lieferant"
"YHTS_NIC","NIC Components Corp"
"PITT-11","PITT-11 INCORPORATED"
"0000012345","El-Retur"
"DE-002","Ausland Lieferant"
"YHTS_ONS","ON Semiconductor"
"PITT-12","PITT-12 INCORPORATED"
"0000013373","Simone Roth"
"DE1222","ABC Supply Company DE"
"YHTS_OSR","Osram"
"PITT-13","PITT-13 INCORPORATED"
"DE2502","Rubicon Steel & Components"
"PITT-14","PITT-14 INCORPORATED"
"YHTS_VIS","Vishay Corp"
"0000014500","Central Bureau of Narcotics"
"DE3000","C.E.B. DE"
"PITT-15","PITT-15 INCORPORATED"
"0000014600","KB Industries"
"Z99001","Gym Supplies"
"DEC-001","Inland Lieferant CPD"
"PITT-16","PITT-16 INCORPORATED"
"ZZ00","Arno Nym"
"0000019901","Shanghai Plastic Specialists Ltd."
"DEC-002","Ausland Lieferant CPD"
"ZZ01","Med Wurst"
"PITT-17","PITT-17 INCORPORATED"
"0000019902","Ajax Gourmet Ltd."
"DELTAFI00","DeltaFI & Co"
"T-K500A11","Motolux GmbH Gr.11"
"PITT-18","PITT-18 INCORPORATED"
"0000020000","IDES UK LTD"
"DIT-CR-10","TM-DIT: Carrier 1"
"T-K500A12","Motolux GmbH Gr.12"
"PITT-19","PITT-19 INCORPORATED"
"0000020001","TOP Metallverarbeitung GmbH"
"T-K500A13","Motolux GmbH Gr.13"
"PITT-20","PITT-20 INCORPORATED"
"0000020002","Metall Factory Inc."
"T-K500A14","Motolux GmbH Gr.14"
"PITT-21","PITT-21 INCORPORATED"
"0000020003","High Tech Metall GmbH"
"T-K500A15","Motolux GmbH Gr.15"
"PITT-22","PITT-22 INCORPORATED"
"0000020050","Raymond ter Linden"
"PITT-23","PITT-23 INCORPORATED"
"T-K500A16","Motolux GmbH Gr.16"
"0000021000","IDES PORTUGAL"
"DIT-CR-20","TM-DIT: Carrier 2"
"PITT-24","PITT-24 INCORPORATED"
"T-K500A17","Motolux GmbH Gr.17"
"0000021900","Lisbon Parts Supply"
"PITT-25","PITT-25 INCORPORATED"
"T-K500A18","Motolux GmbH Gr.18"
"0000022100","鈴木 一郎"
"PITT-26","PITT-26 INCORPORATED"
"T-K500A19","Motolux GmbH Gr.19"
"0000022101","佐藤 二郎"
"PITT-27","PITT-27 INCORPORATED"
"T-K500A20","Motolux GmbH Gr.20"
"0000022200","IDES France - Nantes"
"PITT-28","PITT-28 INCORPORATED"
"T-K500A21","Motolux GmbH Gr.21"
"0000022211","PULSA"
"PITT-29","PITT-29 INCORPORATED"
"T-K500A22","Motolux GmbH Gr.22"
"0000022222","Genérale de Fonderie"
"PITT-30","PITT-30 INCORPORATED"
"T-K500A23","Motolux GmbH Gr.23"
"0000023456","No Copyright"
"PMW00","Dressler"
"T-K500A24","Motolux GmbH Gr.24"
"PRCL","Purva Revira Commertial Ltd"
"0000024000","Speedy Couriers\, Inc"
"DIT-VN-10","TM-DIT: Vendor 1 / Munich"
"T-K500A25","Motolux GmbH Gr.25"
"R100","DC R100"
"0000024001","County Courthouse"
"T-K500A26","Motolux GmbH Gr.26"
"DIT-VN-20","TM-DIT: Vendor 2 / Nuremberg"
"R1000","Unisono AG"
"0000024002","Magnum P.I."
"T-K500A27","Motolux GmbH Gr.27"
"DIT-VN-21","TM-DIT: Vendor 2 / Bamberg"
"R1001","Walter & Schulz GmbH & Co KG"
"0000030000","IDES US Inc."
"T-K500A28","Motolux GmbH Gr.28"
"R101","DC R101"
"T-K500A29","Motolux GmbH Gr.29"
"DIT-VN-30","TM-DIT: Vendor 3 / Dortmund"
"0000030001","Ides Vendor for excise duty"
"R1040","Forkmann Werbemittel GmbH"
"T-K500A30","Motolux GmbH Gr.30"
"R300","DC R300"
"0000030002","Vendor from Canada"
"DIT-VN-31","TM-DIT: Vendor 3 / Essen"
"R3000","Allfresh Inc."
"T-K500C00","H.A.G. Potsdam Gr.00"
"0000030100","Brooke Supply Company"
"DIT-VN-40","TM-DIT: Vendor 4 / Dortmund"
"R3001","Omnimum Inc."
"T-K500C01","H.A.G. Potsdam Gr.01"
"0000030190","ABB Transport Company"
"DIT-VN-50","TM-DIT: Vendor 5 / Kassel"
"R3002","Meyer Hardware Inc."
"T-K500C02","H.A.G. Potsdam Gr.02"
"0000030192","Universal Supply Company"
"DOC-KRED89","DOC-KRED89"
"R3003",""
"T-K500C03","H.A.G. Potsdam Gr.03"
"DOT-CR-01","PGI Truck Lines"
"R3004","Mingh wah"
"0000031000","ICST ( InterComp Stock Transfer )"
"T-K500C04","H.A.G. Potsdam Gr.04"
"DOT-CR-02","National Trucking"
"R301","DC R301"
"0000033183","Ahrend"
"T-K500C05","H.A.G. Potsdam Gr.05"
"RACLETTE","Raclette AG"
"DOT-CR-03","Fast Trucking and Logistics"
"T-K500C06","H.A.G. Potsdam Gr.06"
"0000033300","Kroschke International GmbH"
"REYNOLDS","Manufacturer Reynolds Metals"
"T-K500C07","H.A.G. Potsdam Gr.07"
"0000033333","Treasury Vendor"
"RFDC","Reference DC"
"T-K500C08","H.A.G. Potsdam Gr.08"
"0000034010","Federal Garnishment"
"RLVEND","Rudy's Favorite Vendor"
"DOT-CR-04","Green Transport"
"T-K500C09","H.A.G. Potsdam Gr.09"
"RPPC_1","RPPC_1"
"0000037001","Active Ingredients France"
"T-K500C10","H.A.G. Potsdam Gr.10"
"DOT-CR-20","Rail Express – Chicago to LA"
"RSV10","RSV10"
"0000037002","Pharma and Co"
"RSV20","RSV20"
"T-K500C11","H.A.G. Potsdam Gr.11"
"DOWNEY INC","Downey Consulting"
"0000040000","IDES Canada"
"RSV30","RSV30"
"T-K500C12","H.A.G. Potsdam Gr.12"
"RU-01","OAO \"Sputnik\""
"DUMMY HUM","Vendor Number for Inbound Delivery"
"T-K500C13","H.A.G. Potsdam Gr.13"
"RU-02","OAO \"Mir\""
"E260003","Mr. Boonchu Chumwit"
"T-K500C14","H.A.G. Potsdam Gr.14"
"EBP-00","EBuyers-00"
"S101","Software Development  and Consultin"
"T-K500C15","H.A.G. Potsdam Gr.15"
"EBP-01","EBuyers-01"
"S102","International Software Consulting"
"T-K500C16","H.A.G. Potsdam Gr.16"
"EBP-02","EBuyers-02"
"S201","PA Court of Common Pleas"
"T-K500C17","H.A.G. Potsdam Gr.17"
"0000041500","Superfitness Club"
"EBP-03","EBuyers-03"
"S61011","Frederike Sandmann"
"EBP-04","EBuyers-04"
"0000044400","Farnell"
"T-K500C18","H.A.G. Potsdam Gr.18"
"S61022","Anke Jordan"
"EBP-05","EBuyers-05"
"T-K500C19","H.A.G. Potsdam Gr.19"
"0000044444","Hanley Supply House"
"S61025","Petra Heger"
"EBP-06","EBuyers-06"
"T-K500C20","H.A.G. Potsdam Gr.20"
"EBP-07","EBuyers-07"
"0000049982","Plant EWM APJ Multi tenant 1"
"EBP-08","EBuyers-08"
"T-K500C21","H.A.G. Potsdam Gr.21"
"0000049983","Plant EWM EMEA Multi tenant 1"
"EBP-09","EBuyers-09"
"T-K500C22","H.A.G. Potsdam Gr.22"
"0000049984","Plant EWM LA Multi tenant 1"
"EBP-10","EBuyers-10"
"T-K500C23","H.A.G. Potsdam Gr.23"
"EBP-11","EBuyers-11"
"0000049998","Plant EWM US Multi tenant 1"
"T-K500C24","H.A.G. Potsdam Gr.24"
"EBP-12","EBuyers-12"
"S61028","Waltraud Horn"
"0000050000","ICYOU Ltd."
"T-K500C25","H.A.G. Potsdam Gr.25"
"EBP-13","EBuyers-13"
"S61035","Lars Jucken"
"0000050010","ICYOU Portugal S.A."
"EBP-14","EBuyers-14"
"S61036","Wilfried Penner"
"0000050020","ICYOU LTD."
"EBP-15","EBuyers-15"
"S61039","Anke Mittelstädt"
"0000050999","Spedition Arnolds"
"EBP-16","EBuyers-16"
"S61040","Heiko Sievers"
"0000051000","SAPSOTA AG"
"EBP-17","EBuyers-17"
"S61041","Bianca Adler"
"0000052000","Metall Ag"
"EBP-18","EBuyers-18"
"S61042","Petra Lummitsch"
"EBP-19","EBuyers-19"
"T-K500C26","H.A.G. Potsdam Gr.26"
"0000055500","Conrad Elektronik"
"S61043","Wolfgang Lummitsch"
"EBP-20","EBuyers-20"
"S61045","Reinhardt Grieger"
"0000060000","IDES Mexico"
"T-K500C27","H.A.G. Potsdam Gr.27"
"EBP-21","EBuyers-21"
"S61047","Siegfried Gräfe"
"T-K500C28","H.A.G. Potsdam Gr.28"
"EBP-22","EBuyers-22"
"0000060001","Armstrong & Partners"
"S61053","Harald Hauschildt"
"EBP-23","EBuyers-23"
"T-K500C29","H.A.G. Potsdam Gr.29"
"0000060002","Johnson & Miller Inc."
"S61055","Anke Grajetzki"
"EBP-24","EBuyers-24"
"S61062","Torsten Rast"
"0000060003","Parker & Sons"
"T-K500C30","H.A.G. Potsdam Gr.30"
"EBP-25","EBuyers-25"
"S61065","Max Görtz"
"0000060004","Golden Vegetables"
"EBP-26","EBuyers-26"
"T-K500D00","Bürohandel Leifritz GmbH Gr.00"
"S61070","Tanja Gottschleich"
"EBP-27","EBuyers-27"
"0000060005","Plastic Bottle Company"
"S61073","Saskia Stöcker"
"T-K500D01","Bürohandel Leifritz GmbH Gr.01"
"EBP-28","EBuyers-28"
"0000060006","Paper Products Company"
"S62002","Brian Jordan"
"T-K500D02","Bürohandel Leifritz GmbH Gr.02"
"EBP-29","EBuyers-29"
"0000060007","Cow Chemicals"
"S62003","Mark Wieber"
"S62010","Carla Paulson"
"0000060008","Food Transport Inc."
"T-K500D03","Bürohandel Leifritz GmbH Gr.03"
"EBP-30","EBuyers-30"
"S62026","Philis McLane"
"0000060009","Smith & Partners"
"EE-FR","EE-FR"
"T-K500D04","Bürohandel Leifritz GmbH Gr.04"
"SA01","BR01 Vendor 1 APJ"
"0000060010","Road Trans Inc."
"EE-FR_2012","EE-FR"
"SA02","BR01 Vendor 2 APJ"
"0000070000","IBM Store"
"T-K500D05","Bürohandel Leifritz GmbH Gr.05"
"ESOURCING","eSourcing"
"SA03","BR01 Vendor 3 APJ"
"0000070001","Metro Chrysler Dodge Jeep"
"ESP_VEN_01","ESP TSP"
"SA101","Supplier 101 LLC"
"T-K500D06","Bürohandel Leifritz GmbH Gr.06"
"ESP_VEN_02","ESP TSP"
"0000071000","Canada Customs & Revenue Agency"
"SA102","Supplier 102 LLC"
"ESP_VEN_03","ESP TSP"
"T-K500D07","Bürohandel Leifritz GmbH Gr.07"
"SA103","Supplier 103 LLC"
"0000071100","Revenue Quebec"
"ESP_VEN_04","ESP TSP"
"T-K500D08","Bürohandel Leifritz GmbH Gr.08"
"SA104","Supplier 104 LLC"
"ESP_VEN_05","ESP TSP"
"0000071200","Health Tax - Ontario"
"SA105","Supplier 105 LLC"
"ESP_VEN_06","ESP TSP"
"0000071201","Health Tax - Quebec"
"SA108","Supplier 108 LLC"
"ESP_VEN_07","ESP TSP"
"SA211","Supplier 211 APJ"
"0000071202","Health Tax - Newfoundland"
"EWM_3000","C.E.B. New York"
"SA212","Supplier 212 APJ"
"EWM_3001","Flowrate Corp"
"0000071203","Health Tax - Manitoba"
"SA30","APJ Vendor 1"
"0000071300","Canada Union"
"SA301","Xi'an Industries"
"T-K500D09","Bürohandel Leifritz GmbH Gr.09"
"0000071400","Canada Life"
"SA302","Henan Ltd."
"0000071500","Balley Fitness Club"
"T-K500D10","Bürohandel Leifritz GmbH Gr.10"
"SA303","Yangtze Ind"
"0000071501","Superfitness Club"
"SA304","GTZ Ltd"
"SA305","Hunan Inc"
"0000071525","Prof  Engineers Association"
"T-K500D11","Bürohandel Leifritz GmbH Gr.11"
"SA306","Mega Company"
"0000071526","Canadian Management Society"
"SA307","Shijiazhuang Group"
"0000071550","United Way"
"SA308","Votex Ltd."
"T-K500D12","Bürohandel Leifritz GmbH Gr.12"
"0000071600","Family Court - Alberta"
"SA309","Nakdong Company"
"SA31","APJ Vendor 1"
"0000071601","Family Court - British Columbia"
"T-K500D13","Bürohandel Leifritz GmbH Gr.13"
"SA310","陕西公司"
"0000071602","Family Court - Saskatchewan"
"SA32","APJ Vendor 2"
"0000071603","Family Court - Manitoba"
"SA33","APJ Vendor 3"
"T-K500D14","Bürohandel Leifritz GmbH Gr.14"
"0000071604","Family Court - Ontario"
"SA34","APJ Vendor 4"
"0000071605","Family Court - Quebec"
"T-K500D15","Bürohandel Leifritz GmbH Gr.15"
"SAL00","Maul GmbH"
"SAL10","klö"
"0000071606","Family Court - New Brunswick"
"SAL50","Weber"
"T-K500D16","Bürohandel Leifritz GmbH Gr.16"
"0000071607","Family Court - Nova Scotia"
"SANSAR","SANSAR COM.LTD"
"0000071608","Family Court - PEI"
"SAS8383","Steve's Favorite Vendor"
"T-K500D17","Bürohandel Leifritz GmbH Gr.17"
"SBC_ISTC","ISTC"
"0000071609","Family Court - Newfoundland"
"0000071625","Small Claims Court"
"SBC_S_01","Business Partner Chemical Carrier"
"T-K500D18","Bürohandel Leifritz GmbH Gr.18"
"SCEM_01","DSC  Roberts"
"0000071650","Canada Customs & Revenue Agency"
"SCM550","Schmidt-Müller AG"
"0000071800","WCB - Alberta"
"T-K500D19","Bürohandel Leifritz GmbH Gr.19"
"SCM550-10","Schmidt-Müller Nord GmbH"
"0000071801","WCB - British Columbia"
"SCM550-11","Schmidt-Müller Berlin GmbH"
"0000071802","WCB - Manitoba"
"T-K500D20","Bürohandel Leifritz GmbH Gr.20"
"0000071803","WCB - New Brunswick"
"SCM550-12","Schmidt-Müller Sachsen GmbH"
"0000071804","WCB - Newfoundland"
"SCM550-RS","Schmidt-Müller AG"
"T-K500D21","Bürohandel Leifritz GmbH Gr.21"
"0000071805","WCB - Nunavut"
"SCM550-SP","Schmidt-Müller Transport GmbH"
"T-K500D22","Bürohandel Leifritz GmbH Gr.22"
"0000071806","WCB - Northwest Territories"
"SE01","Supplier SE01"
"T-K500D23","Bürohandel Leifritz GmbH Gr.23"
"0000071807","WCB - Ontario"
"T-K500D24","Bürohandel Leifritz GmbH Gr.24"
"0000071808","WCB - Prince Edward Island"
"T-K500D25","Bürohandel Leifritz GmbH Gr.25"
"T-K500D26","Bürohandel Leifritz GmbH Gr.26"
"T-K500D27","Bürohandel Leifritz GmbH Gr.27"
"T-K500D28","Bürohandel Leifritz GmbH Gr.28"
"T-K500D29","Bürohandel Leifritz GmbH Gr.29"
"T-K500D30","Bürohandel Leifritz GmbH Gr.30"
"T-K500E00","Elektroblitz GmbH Gr.00"
"T-K500E01","Elektroblitz GmbH Gr.01"
"T-K500E02","Elektroblitz GmbH Gr.02"
"T-K500E03","Elektroblitz GmbH Gr.03"
"T-K500E04","Elektroblitz GmbH Gr.04"
"T-K500E05","Elektroblitz GmbH Gr.05"
"T-K500E06","Elektroblitz GmbH Gr.06"
"T-K500E07","Elektroblitz GmbH Gr.07"
"T-K500E08","Elektroblitz GmbH Gr.08"
"T-K500E09","Elektroblitz GmbH Gr.09"
"T-K500E10","Elektroblitz GmbH Gr.10"
"T-K500E11","Elektroblitz GmbH Gr.11"
"T-K500E12","Elektroblitz GmbH Gr.12"
"T-K500E13","Elektroblitz GmbH Gr.13"
"T-K500E14","Elektroblitz GmbH Gr.14"
"T-K500E15","Elektroblitz GmbH Gr.15"
"T-K500E16","Elektroblitz GmbH Gr.16"
"T-K500E17","Elektroblitz GmbH Gr.17"
"T-K500E18","Elektroblitz GmbH Gr.18"
"T-K500E19","Elektroblitz GmbH Gr.19"
"T-K500E20","Elektroblitz GmbH Gr.20"
"T-K500E21","Elektroblitz GmbH Gr.21"
"T-K500E22","Elektroblitz GmbH Gr.22"
"T-K500E23","Elektroblitz GmbH Gr.23"
"T-K500E24","Elektroblitz GmbH Gr.24"
"T-K500E25","Elektroblitz GmbH Gr.25"
"T-K500E26","Elektroblitz GmbH Gr.26"
"T-K500E27","Elektroblitz GmbH Gr.27"
"T-K500E28","Elektroblitz GmbH Gr.28"
"T-K500E29","Elektroblitz GmbH Gr.29"
"T-K500E30","Elektroblitz GmbH Gr.30"
"T-K500R01","AluCast AG&Co.KG Gr.01"
"T-K500R02","AluCast AG&Co.KG Gr.02"
"T-K500R03","AluCast AG&Co.KG Gr.03"
"T-K500R04","AluCast AG&Co.KG Gr.04"
"T-K500R05","AluCast AG&Co.KG Gr.05"
"T-K500R06","AluCast AG&Co.KG Gr.06"
"T-K500R07","AluCast AG&Co.KG Gr.07"
"T-K500R08","AluCast AG&Co.KG Gr.08"
